ISO-10303-21;
HEADER;
FILE_DESCRIPTION (( 'STEP AP214' ),
    '1' );
FILE_NAME ('FrameBack.STEP',
    '2026-05-07T05:02:18',
    ( '' ),
    ( '' ),
    'SwSTEP 2.0',
    'SolidWorks 2026',
    '' );
FILE_SCHEMA (( 'AUTOMOTIVE_DESIGN' ));
ENDSEC;

DATA;
#1 = DIRECTION ( 'NONE',  ( 1.000000000000000000, 0.000000000000000000, 0.000000000000000000 ) ) ;
#2 = ORIENTED_EDGE ( 'NONE', *, *, #1151, .T. ) ;
#3 = CARTESIAN_POINT ( 'NONE',  ( 0.000000000000000000, 0.000000000000000000, -1.062500000000000000 ) ) ;
#4 = CARTESIAN_POINT ( 'NONE',  ( 5.422515834400123858, 3.062500000000061728, 0.1250000000000000000 ) ) ;
#5 = ADVANCED_FACE ( 'NONE', ( #2242 ), #1576, .F. ) ;
#6 = PLANE ( 'NONE',  #61 ) ;
#7 = CARTESIAN_POINT ( 'NONE',  ( 0.06692913385826759765, 6.125000000000000000, 0.1250000000000000000 ) ) ;
#8 = EDGE_LOOP ( 'NONE', ( #1486, #1668, #2669, #1172 ) ) ;
#9 = CARTESIAN_POINT ( 'NONE',  ( -0.1181102362204724532, 6.125000000000000000, 0.1250000000000000000 ) ) ;
#10 = DIRECTION ( 'NONE',  ( 1.000000000000000000, 0.000000000000000000, 0.000000000000000000 ) ) ;
#11 = VERTEX_POINT ( 'NONE', #1357 ) ;
#12 = FACE_OUTER_BOUND ( 'NONE', #1522, .T. ) ;
#13 = EDGE_LOOP ( 'NONE', ( #1574, #343, #81, #640 ) ) ;
#14 = FACE_OUTER_BOUND ( 'NONE', #1268, .T. ) ;
#15 = DIRECTION ( 'NONE',  ( -0.000000000000000000, -0.000000000000000000, -1.000000000000000000 ) ) ;
#16 = DIRECTION ( 'NONE',  ( -0.000000000000000000, -0.000000000000000000, 1.000000000000000000 ) ) ;
#17 = LINE ( 'NONE', #877, #2574 ) ;
#18 = CARTESIAN_POINT ( 'NONE',  ( 5.304405598179714687, -3.062499999999950706, -1.062500000000000000 ) ) ;
#19 = EDGE_CURVE ( 'NONE', #1685, #2255, #972, .T. ) ;
#20 = EDGE_CURVE ( 'NONE', #2402, #1221, #2716, .T. ) ;
#21 = ORIENTED_EDGE ( 'NONE', *, *, #2100, .F. ) ;
#22 = DIRECTION ( 'NONE',  ( 3.384826294588890461E-16, -1.000000000000000000, 0.000000000000000000 ) ) ;
#23 = VERTEX_POINT ( 'NONE', #2456 ) ;
#24 = AXIS2_PLACEMENT_3D ( 'NONE', #2610, #53, #699 ) ;
#25 = AXIS2_PLACEMENT_3D ( 'NONE', #1257, #177, #1633 ) ;
#26 = CARTESIAN_POINT ( 'NONE',  ( -5.564164179771666774, -2.025190140007149253, 0.000000000000000000 ) ) ;
#27 = ADVANCED_FACE ( 'NONE', ( #1860 ), #1228, .T. ) ;
#28 = CONICAL_SURFACE ( 'NONE', #2258, 6.000000000000000888, 0.7853981633974344012 ) ;
#29 = ORIENTED_EDGE ( 'NONE', *, *, #1894, .F. ) ;
#30 = AXIS2_PLACEMENT_3D ( 'NONE', #801, #2280, #814 ) ;
#31 = AXIS2_PLACEMENT_3D ( 'NONE', #204, #654, #221 ) ;
#32 = CARTESIAN_POINT ( 'NONE',  ( 0.000000000000000000, 0.000000000000000000, 0.1250000000000000000 ) ) ;
#33 = AXIS2_PLACEMENT_3D ( 'NONE', #2361, #34, #422 ) ;
#34 = DIRECTION ( 'NONE',  ( 1.000000000000000000, 0.000000000000000000, 0.000000000000000000 ) ) ;
#35 = CARTESIAN_POINT ( 'NONE',  ( -0.1250000000000000000, 5.998697775350914085, -0.07874015748031612527 ) ) ;
#36 = AXIS2_PLACEMENT_3D ( 'NONE', #730, #574, #335 ) ;
#37 = ORIENTED_EDGE ( 'NONE', *, *, #1494, .F. ) ;
#38 = DIRECTION ( 'NONE',  ( -0.000000000000000000, -0.000000000000000000, -1.000000000000000000 ) ) ;
#39 = VERTEX_POINT ( 'NONE', #2517 ) ;
#40 = ADVANCED_FACE ( 'NONE', ( #986, #2320 ), #2087, .F. ) ;
#41 = CARTESIAN_POINT ( 'NONE',  ( 4.596266658713833664, 3.856725658119279032, 0.000000000000000000 ) ) ;
#42 = EDGE_CURVE ( 'NONE', #2646, #462, #1913, .T. ) ;
#43 = ORIENTED_EDGE ( 'NONE', *, *, #410, .T. ) ;
#44 = CARTESIAN_POINT ( 'NONE',  ( -5.304405598179693371, 3.062499999999988010, 0.1250000000000000000 ) ) ;
#45 = ORIENTED_EDGE ( 'NONE', *, *, #2318, .T. ) ;
#46 = CARTESIAN_POINT ( 'NONE',  ( -5.625374926189964597, -2.086901276963833318, -0.07874015748031631956 ) ) ;
#47 = DIRECTION ( 'NONE',  ( 1.387778780781445922E-16, 1.000000000000000000, 0.000000000000000000 ) ) ;
#48 = ORIENTED_EDGE ( 'NONE', *, *, #2213, .T. ) ;
#49 = DIRECTION ( 'NONE',  ( 1.000000000000000000, 6.938893903907234294E-16, 0.000000000000000000 ) ) ;
#50 = EDGE_LOOP ( 'NONE', ( #581, #1481, #934, #1818, #1720, #840, #1959, #222, #1002, #2709, #645, #566, #583, #2607, #1120, #2164 ) ) ;
#51 = EDGE_CURVE ( 'NONE', #556, #2568, #907, .T. ) ;
#52 = CARTESIAN_POINT ( 'NONE',  ( -5.371334732037939652, -3.062500000000024869, -1.062500000000000000 ) ) ;
#53 = DIRECTION ( 'NONE',  ( 0.000000000000000000, 0.000000000000000000, 1.000000000000000000 ) ) ;
#54 = ORIENTED_EDGE ( 'NONE', *, *, #59, .F. ) ;
#55 = CARTESIAN_POINT ( 'NONE',  ( -4.787777769493631652, 4.017422560540847343, 0.000000000000000000 ) ) ;
#56 = ORIENTED_EDGE ( 'NONE', *, *, #20, .T. ) ;
#57 = VECTOR ( 'NONE', #1565, 39.37007874015748143 ) ;
#58 = AXIS2_PLACEMENT_3D ( 'NONE', #1434, #2460, #1038 ) ;
#59 = EDGE_CURVE ( 'NONE', #1549, #2249, #394, .T. ) ;
#60 = LINE ( 'NONE', #2439, #1862 ) ;
#61 = AXIS2_PLACEMENT_3D ( 'NONE', #32, #1485, #891 ) ;
#62 = PLANE ( 'NONE',  #1100 ) ;
#63 = ORIENTED_EDGE ( 'NONE', *, *, #609, .T. ) ;
#64 = EDGE_CURVE ( 'NONE', #714, #1321, #154, .T. ) ;
#65 = AXIS2_PLACEMENT_3D ( 'NONE', #170, #2057, #983 ) ;
#66 = EDGE_LOOP ( 'NONE', ( #2672, #1282 ) ) ;
#67 = LINE ( 'NONE', #2598, #1824 ) ;
#68 = CARTESIAN_POINT ( 'NONE',  ( 0.8530158939585433808, -5.941064610053868655, -0.4071465513891709409 ) ) ;
#69 = AXIS2_PLACEMENT_3D ( 'NONE', #209, #1039, #2126 ) ;
#70 = DIRECTION ( 'NONE',  ( 6.938893903907234294E-16, -1.000000000000000000, 0.000000000000000000 ) ) ;
#71 = EDGE_CURVE ( 'NONE', #2132, #455, #2682, .T. ) ;
#72 = CIRCLE ( 'NONE', #2184, 0.09842519685039378963 ) ;
#73 = ORIENTED_EDGE ( 'NONE', *, *, #826, .F. ) ;
#74 = DIRECTION ( 'NONE',  ( -0.000000000000000000, -0.000000000000000000, -1.000000000000000000 ) ) ;
#75 = ORIENTED_EDGE ( 'NONE', *, *, #131, .T. ) ;
#76 = CIRCLE ( 'NONE', #2002, 6.250000000000000000 ) ;
#77 = CARTESIAN_POINT ( 'NONE',  ( 0.000000000000000000, 5.324999999999999289, -1.062500000000000000 ) ) ;
#78 = CARTESIAN_POINT ( 'NONE',  ( -0.5458612165466554256, 5.975118035007360717, -1.062500000000000000 ) ) ;
#79 = PRODUCT_RELATED_PRODUCT_CATEGORY ( 'part', '', ( #1098 ) ) ;
#80 = CARTESIAN_POINT ( 'NONE',  ( 0.000000000000000000, 0.000000000000000000, -1.062500000000000000 ) ) ;
#81 = ORIENTED_EDGE ( 'NONE', *, *, #1861, .T. ) ;
#82 = ORIENTED_EDGE ( 'NONE', *, *, #651, .T. ) ;
#83 = ADVANCED_FACE ( 'NONE', ( #1881, #2696 ), #998, .T. ) ;
#84 = DIRECTION ( 'NONE',  ( -0.000000000000000000, -0.000000000000000000, 1.000000000000000000 ) ) ;
#85 = DIRECTION ( 'NONE',  ( 1.000000000000000000, 0.000000000000000000, 0.000000000000000000 ) ) ;
#86 = ORIENTED_EDGE ( 'NONE', *, *, #51, .T. ) ;
#87 = DIRECTION ( 'NONE',  ( -0.000000000000000000, -0.000000000000000000, 1.000000000000000000 ) ) ;
#88 = ORIENTED_EDGE ( 'NONE', *, *, #514, .T. ) ;
#89 = CARTESIAN_POINT ( 'NONE',  ( 5.304405598179714687, -3.062499999999950706, 0.006889763779527552021 ) ) ;
#90 = CARTESIAN_POINT ( 'NONE',  ( -0.06250000000000000000, 5.324999999999999289, -2.731847993664263218E-16 ) ) ;
#91 = PLANE ( 'NONE',  #2647 ) ;
#92 = VERTEX_POINT ( 'NONE', #1907 ) ;
#93 = VERTEX_POINT ( 'NONE', #611 ) ;
#94 = CARTESIAN_POINT ( 'NONE',  ( 6.250000000000000000, 7.654042494670957606E-16, 0.1250000000000000000 ) ) ;
#95 = CARTESIAN_POINT ( 'NONE',  ( 0.6997674430427797132, -5.961057820709155131, -0.7352296516784549985 ) ) ;
#96 = EDGE_CURVE ( 'NONE', #784, #1085, #2304, .T. ) ;
#97 = EDGE_LOOP ( 'NONE', ( #2349, #1582, #1591, #1308 ) ) ;
#98 = DIRECTION ( 'NONE',  ( -1.000000000000000000, 0.000000000000000000, 0.000000000000000000 ) ) ;
#99 = VERTEX_POINT ( 'NONE', #331 ) ;
#100 = VERTEX_POINT ( 'NONE', #1673 ) ;
#101 = CARTESIAN_POINT ( 'NONE',  ( 1.028215981145904401, 5.831302600513234680, 0.000000000000000000 ) ) ;
#102 = ORIENTED_EDGE ( 'NONE', *, *, #2011, .T. ) ;
#103 = DIRECTION ( 'NONE',  ( -0.000000000000000000, -0.000000000000000000, -1.000000000000000000 ) ) ;
#104 = CIRCLE ( 'NONE', #284, 6.000000000000000888 ) ;
#105 = EDGE_LOOP ( 'NONE', ( #1542, #2418 ) ) ;
#106 = VECTOR ( 'NONE', #976, 39.37007874015748143 ) ;
#107 = DIRECTION ( 'NONE',  ( 1.000000000000000000, 0.000000000000000000, 0.000000000000000000 ) ) ;
#108 = CIRCLE ( 'NONE', #327, 0.1499999999999998557 ) ;
#109 = ORIENTED_EDGE ( 'NONE', *, *, #264, .F. ) ;
#110 = VECTOR ( 'NONE', #1973, 39.37007874015748143 ) ;
#111 = DIRECTION ( 'NONE',  ( 1.000000000000000000, 0.000000000000000000, 0.000000000000000000 ) ) ;
#112 = CIRCLE ( 'NONE', #31, 0.06692913385826779193 ) ;
#113 = VERTEX_POINT ( 'NONE', #2502 ) ;
#114 = DIRECTION ( 'NONE',  ( 0.000000000000000000, 0.000000000000000000, 1.000000000000000000 ) ) ;
#115 = CIRCLE ( 'NONE', #2403, 6.250000000000001776 ) ;
#116 = EDGE_CURVE ( 'NONE', #2267, #2519, #1196, .T. ) ;
#117 = VECTOR ( 'NONE', #2106, 39.37007874015748143 ) ;
#118 = CARTESIAN_POINT ( 'NONE',  ( -5.625374926189976144, 2.086901276963796459, -0.07874015748031922002 ) ) ;
#119 = EDGE_CURVE ( 'NONE', #915, #455, #955, .T. ) ;
#120 = VERTEX_POINT ( 'NONE', #1046 ) ;
#121 = CARTESIAN_POINT ( 'NONE',  ( 0.06692913385826779193, -6.125000000000000000, 0.006889763779527552021 ) ) ;
#122 = CARTESIAN_POINT ( 'NONE',  ( -4.596266658713861197, -3.856725658119247502, 0.000000000000000000 ) ) ;
#123 = PLANE ( 'NONE',  #564 ) ;
#124 = ORIENTED_EDGE ( 'NONE', *, *, #1226, .T. ) ;
#125 = DIRECTION ( 'NONE',  ( -0.1736481776669268340, 0.9848077530122085754, 0.000000000000000000 ) ) ;
#126 = VERTEX_POINT ( 'NONE', #2739 ) ;
#127 = CARTESIAN_POINT ( 'NONE',  ( -0.6997674430427797132, 5.961057820709155131, -0.7352296516784549985 ) ) ;
#128 =( BOUNDED_CURVE ( )  B_SPLINE_CURVE ( 3, ( #869, #2559, #1080, #1307 ),
 .UNSPECIFIED., .F., .T. ) 
 B_SPLINE_CURVE_WITH_KNOTS ( ( 4, 4 ),
 ( 1.490710746761238825, 1.570796326794897668 ),
 .UNSPECIFIED. ) 
 CURVE ( )  GEOMETRIC_REPRESENTATION_ITEM ( )  RATIONAL_B_SPLINE_CURVE ( ( 1.000000000000000000, 0.9994655964012900684, 0.9994655964012900684, 1.000000000000000000 ) ) 
 REPRESENTATION_ITEM ( '' )  );
#129 = CARTESIAN_POINT ( 'NONE',  ( 1.614173228346457822, -4.144685039370076929, 0.07500000000000014988 ) ) ;
#131 = EDGE_CURVE ( 'NONE', #1415, #1737, #2059, .T. ) ;
#130 = CARTESIAN_POINT ( 'NONE',  ( 0.1181102362204724532, 6.125000000000000000, 0.1250000000000000000 ) ) ;
#132 = ORIENTED_EDGE ( 'NONE', *, *, #2023, .F. ) ;
#133 = ORIENTED_EDGE ( 'NONE', *, *, #871, .F. ) ;
#134 = CARTESIAN_POINT ( 'NONE',  ( -4.591991486687978963, 3.820901564638446324, -0.05247649278301107223 ) ) ;
#135 = SURFACE_SIDE_STYLE ('',( #2070 ) ) ;
#136 = CARTESIAN_POINT ( 'NONE',  ( 0.000000000000000000, 0.000000000000000000, -1.062500000000000000 ) ) ;
#137 = ORIENTED_EDGE ( 'NONE', *, *, #1901, .T. ) ;
#138 = CARTESIAN_POINT ( 'NONE',  ( 0.000000000000000000, 6.125000000000000000, 0.006889763779527552021 ) ) ;
#139 = ORIENTED_EDGE ( 'NONE', *, *, #1483, .F. ) ;
#140 = DIRECTION ( 'NONE',  ( 1.000000000000000000, 0.000000000000000000, 0.000000000000000000 ) ) ;
#141 = CARTESIAN_POINT ( 'NONE',  ( 0.000000000000000000, -6.125000000000000000, -1.062500000000000000 ) ) ;
#142 = CARTESIAN_POINT ( 'NONE',  ( 5.186295361959241568, -3.062499999999950706, 0.006889763779527552021 ) ) ;
#143 = CARTESIAN_POINT ( 'NONE',  ( 5.272902675971828934, -2.862952561557588371, -0.07874015748031830408 ) ) ;
#144 = CYLINDRICAL_SURFACE ( 'NONE', #736, 0.06692913385826759765 ) ;
#145 = ADVANCED_FACE ( 'NONE', ( #569 ), #1427, .T. ) ;
#146 = ORIENTED_EDGE ( 'NONE', *, *, #1452, .T. ) ;
#147 = ORIENTED_EDGE ( 'NONE', *, *, #2508, .F. ) ;
#148 = CIRCLE ( 'NONE', #2474, 0.1181102362204725503 ) ;
#149 = DIRECTION ( 'NONE',  ( 1.000000000000000000, 0.000000000000000000, 0.000000000000000000 ) ) ;
#150 = DIRECTION ( 'NONE',  ( 1.000000000000000000, 0.000000000000000000, 0.000000000000000000 ) ) ;
#151 = EDGE_CURVE ( 'NONE', #2402, #2330, #1234, .T. ) ;
#152 = CARTESIAN_POINT ( 'NONE',  ( -4.787777769493604119, -4.017422560540881094, 0.000000000000000000 ) ) ;
#153 = AXIS2_PLACEMENT_3D ( 'NONE', #2125, #162, #2064 ) ;
#154 = LINE ( 'NONE', #1408, #1055 ) ;
#155 = CIRCLE ( 'NONE', #1820, 6.000000000000000888 ) ;
#156 = EDGE_CURVE ( 'NONE', #411, #1321, #321, .T. ) ;
#157 = CARTESIAN_POINT ( 'NONE',  ( -1.712598425196850238, -2.077755905511810219, -3.977250342891675228 ) ) ;
#158 = AXIS2_PLACEMENT_3D ( 'NONE', #292, #1610, #2202 ) ;
#159 = DIRECTION ( 'NONE',  ( 1.000000000000000000, 0.000000000000000000, 0.000000000000000000 ) ) ;
#160 = CARTESIAN_POINT ( 'NONE',  ( -5.564164179771677432, 2.025190140007109729, 0.000000000000000000 ) ) ;
#161 = CIRCLE ( 'NONE', #1563, 0.06692913385826741723 ) ;
#162 = DIRECTION ( 'NONE',  ( -0.000000000000000000, -0.000000000000000000, 1.000000000000000000 ) ) ;
#163 = AXIS2_PLACEMENT_3D ( 'NONE', #1482, #2554, #1946 ) ;
#164 = CARTESIAN_POINT ( 'NONE',  ( 0.000000000000000000, 0.000000000000000000, 0.000000000000000000 ) ) ;
#165 = AXIS2_PLACEMENT_3D ( 'NONE', #2347, #1034, #2121 ) ;
#166 = VERTEX_POINT ( 'NONE', #1742 ) ;
#167 = ORIENTED_EDGE ( 'NONE', *, *, #1657, .T. ) ;
#168 = FACE_BOUND ( 'NONE', #1840, .T. ) ;
#169 = DIRECTION ( 'NONE',  ( 0.000000000000000000, 0.000000000000000000, 1.000000000000000000 ) ) ;
#170 = CARTESIAN_POINT ( 'NONE',  ( -5.304405598179672943, -3.062500000000024869, 0.1250000000000000000 ) ) ;
#171 = EDGE_LOOP ( 'NONE', ( #1236, #785, #2492, #356 ) ) ;
#172 = EDGE_CURVE ( 'NONE', #993, #126, #2603, .T. ) ;
#173 = DIRECTION ( 'NONE',  ( 0.000000000000000000, 0.000000000000000000, -1.000000000000000000 ) ) ;
#174 = EDGE_LOOP ( 'NONE', ( #2626, #873, #1803, #2392, #211, #2564, #702, #1504 ) ) ;
#175 = DIRECTION ( 'NONE',  ( -0.8788171126619687135, 0.4771587602596021882, 0.000000000000000000 ) ) ;
#176 = CARTESIAN_POINT ( 'NONE',  ( 0.6997674430427751613, 5.961057820709155131, -0.7352296516784612157 ) ) ;
#177 = DIRECTION ( 'NONE',  ( -0.000000000000000000, -0.000000000000000000, 1.000000000000000000 ) ) ;
#178 =( BOUNDED_CURVE ( )  B_SPLINE_CURVE ( 3, ( #2459, #2260, #127, #1848 ),
 .UNSPECIFIED., .F., .T. ) 
 B_SPLINE_CURVE_WITH_KNOTS ( ( 4, 4 ),
 ( 1.576972064677566232, 1.654226413405510687 ),
 .UNSPECIFIED. ) 
 CURVE ( )  GEOMETRIC_REPRESENTATION_ITEM ( )  RATIONAL_B_SPLINE_CURVE ( ( 1.000000000000000000, 0.9995027089704446865, 0.9995027089704446865, 1.000000000000000000 ) ) 
 REPRESENTATION_ITEM ( '' )  );
#179 = DIRECTION ( 'NONE',  ( 1.000000000000000000, 0.000000000000000000, 0.000000000000000000 ) ) ;
#180 = ORIENTED_EDGE ( 'NONE', *, *, #19, .F. ) ;
#181 = CARTESIAN_POINT ( 'NONE',  ( -0.06250000000000000000, 0.000000000000000000, 0.000000000000000000 ) ) ;
#182 = DIRECTION ( 'NONE',  ( 1.000000000000000000, 0.000000000000000000, 0.000000000000000000 ) ) ;
#183 = FACE_OUTER_BOUND ( 'NONE', #1027, .T. ) ;
#184 = VERTEX_POINT ( 'NONE', #441 ) ;
#185 = DIRECTION ( 'NONE',  ( 1.000000000000000000, 0.000000000000000000, 0.000000000000000000 ) ) ;
#186 = DIRECTION ( 'NONE',  ( 1.000000000000000000, 0.000000000000000000, 0.000000000000000000 ) ) ;
#187 = EDGE_CURVE ( 'NONE', #1184, #99, #1003, .T. ) ;
#188 = ORIENTED_EDGE ( 'NONE', *, *, #1183, .F. ) ;
#189 = LINE ( 'NONE', #629, #2268 ) ;
#190 = CARTESIAN_POINT ( 'NONE',  ( 1.005377942054139551, 5.915168230374432845, -0.07874015748032273110 ) ) ;
#191 = ORIENTED_EDGE ( 'NONE', *, *, #1749, .F. ) ;
#192 = LINE ( 'NONE', #41, #475 ) ;
#193 = LINE ( 'NONE', #387, #1295 ) ;
#194 = EDGE_CURVE ( 'NONE', #1756, #411, #2373, .T. ) ;
#195 = EDGE_LOOP ( 'NONE', ( #2717, #290, #1401, #483 ) ) ;
#196 = DIRECTION ( 'NONE',  ( 1.000000000000000000, 0.000000000000000000, 0.000000000000000000 ) ) ;
#197 = CARTESIAN_POINT ( 'NONE',  ( 1.614173228346457822, -4.144685039370076929, -3.977250342891675228 ) ) ;
#198 = CARTESIAN_POINT ( 'NONE',  ( 5.604993563680575441, 2.066330499114490404, -0.05247649278301032283 ) ) ;
#199 = VECTOR ( 'NONE', #1875, 39.37007874015748143 ) ;
#200 = CARTESIAN_POINT ( 'NONE',  ( -5.304405598179672943, -3.062500000000024869, 0.1250000000000000000 ) ) ;
#201 = ORIENTED_EDGE ( 'NONE', *, *, #855, .T. ) ;
#202 = DIRECTION ( 'NONE',  ( 0.000000000000000000, 0.000000000000000000, 1.000000000000000000 ) ) ;
#203 = AXIS2_PLACEMENT_3D ( 'NONE', #2571, #664, #449 ) ;
#204 = CARTESIAN_POINT ( 'NONE',  ( 0.000000000000000000, 6.125000000000000000, 0.006889763779527552021 ) ) ;
#205 = ORIENTED_EDGE ( 'NONE', *, *, #207, .F. ) ;
#206 = AXIS2_PLACEMENT_3D ( 'NONE', #596, #391, #1857 ) ;
#207 = EDGE_CURVE ( 'NONE', #245, #39, #1121, .T. ) ;
#208 = CIRCLE ( 'NONE', #1778, 0.1181102362204725503 ) ;
#209 = CARTESIAN_POINT ( 'NONE',  ( 0.000000000000000000, 0.000000000000000000, 0.000000000000000000 ) ) ;
#210 = CONICAL_SURFACE ( 'NONE', #1779, 6.000000000000000888, 0.7853981633974415066 ) ;
#211 = ORIENTED_EDGE ( 'NONE', *, *, #2414, .F. ) ;
#212 = EDGE_CURVE ( 'NONE', #652, #1639, #892, .T. ) ;
#213 = CARTESIAN_POINT ( 'NONE',  ( -1.614173228346456490, -1.979330708661416471, -3.977250342891675228 ) ) ;
#214 = VECTOR ( 'NONE', #2541, 39.37007874015748143 ) ;
#215 = DIRECTION ( 'NONE',  ( -0.8910724729979849768, 0.1571201187561565848, -0.4257970363298769767 ) ) ;
#216 = AXIS2_PLACEMENT_3D ( 'NONE', #615, #1021, #2504 ) ;
#217 = DIRECTION ( 'NONE',  ( 0.9396926207859056523, 0.3420201433256764290, 0.000000000000000000 ) ) ;
#218 = CARTESIAN_POINT ( 'NONE',  ( 0.000000000000000000, 0.000000000000000000, -1.062500000000000000 ) ) ;
#219 = CARTESIAN_POINT ( 'NONE',  ( -0.1250000000000000000, 5.998697775350914085, -1.062500000000000000 ) ) ;
#220 = ORIENTED_EDGE ( 'NONE', *, *, #577, .F. ) ;
#221 = DIRECTION ( 'NONE',  ( 1.000000000000000000, 0.000000000000000000, 0.000000000000000000 ) ) ;
#222 = ORIENTED_EDGE ( 'NONE', *, *, #2068, .T. ) ;
#223 =( BOUNDED_CURVE ( )  B_SPLINE_CURVE ( 3, ( #2055, #1422, #1843, #788 ),
 .UNSPECIFIED., .F., .T. ) 
 B_SPLINE_CURVE_WITH_KNOTS ( ( 4, 4 ),
 ( 4.628958893774075989, 4.706213242502020222 ),
 .UNSPECIFIED. ) 
 CURVE ( )  GEOMETRIC_REPRESENTATION_ITEM ( )  RATIONAL_B_SPLINE_CURVE ( ( 1.000000000000000000, 0.9995027089704446865, 0.9995027089704446865, 1.000000000000000000 ) ) 
 REPRESENTATION_ITEM ( '' )  );
#224 = CARTESIAN_POINT ( 'NONE',  ( -5.186295361959221140, 3.062499999999988010, 0.1250000000000000000 ) ) ;
#225 = FACE_OUTER_BOUND ( 'NONE', #1162, .T. ) ;
#226 = DIRECTION ( 'NONE',  ( -0.000000000000000000, -0.000000000000000000, 1.000000000000000000 ) ) ;
#227 = DIRECTION ( 'NONE',  ( -0.1736481776669268062, -0.9848077530122085754, 0.000000000000000000 ) ) ;
#228 = EDGE_CURVE ( 'NONE', #2330, #987, #2333, .T. ) ;
#229 = EDGE_LOOP ( 'NONE', ( #918, #1687 ) ) ;
#230 = CARTESIAN_POINT ( 'NONE',  ( 0.000000000000000000, 0.000000000000000000, -1.062500000000000000 ) ) ;
#231 = VERTEX_POINT ( 'NONE', #639 ) ;
#232 = VERTEX_POINT ( 'NONE', #1963 ) ;
#233 = CARTESIAN_POINT ( 'NONE',  ( -1.013002076992628231, 5.887232063752882105, -0.05247649278301015630 ) ) ;
#234 = EDGE_CURVE ( 'NONE', #1941, #2220, #128, .T. ) ;
#235 = FACE_OUTER_BOUND ( 'NONE', #1747, .T. ) ;
#236 = DIRECTION ( 'NONE',  ( 1.000000000000000000, 0.000000000000000000, 0.000000000000000000 ) ) ;
#237 = EDGE_CURVE ( 'NONE', #1169, #417, #454, .T. ) ;
#238 = CARTESIAN_POINT ( 'NONE',  ( 5.237476464321447089, -3.062499999999950706, 0.1250000000000000000 ) ) ;
#239 = CARTESIAN_POINT ( 'NONE',  ( -0.5928972339121938440, 6.241872545159766972, -1.062500000000000000 ) ) ;
#240 = VECTOR ( 'NONE', #1686, 39.37007874015748143 ) ;
#241 = ORIENTED_EDGE ( 'NONE', *, *, #1561, .T. ) ;
#242 = ORIENTED_EDGE ( 'NONE', *, *, #1744, .T. ) ;
#243 = EDGE_CURVE ( 'NONE', #2445, #628, #1594, .T. ) ;
#244 = DIRECTION ( 'NONE',  ( -0.000000000000000000, -0.000000000000000000, 1.000000000000000000 ) ) ;
#245 = VERTEX_POINT ( 'NONE', #2756 ) ;
#246 = AXIS2_PLACEMENT_3D ( 'NONE', #2486, #1190, #1454 ) ;
#247 = VECTOR ( 'NONE', #2071, 39.37007874015748143 ) ;
#248 = DIRECTION ( 'NONE',  ( -0.8788171126619687135, 0.4771587602596021882, 0.000000000000000000 ) ) ;
#249 = ORIENTED_EDGE ( 'NONE', *, *, #609, .F. ) ;
#250 = AXIS2_PLACEMENT_3D ( 'NONE', #1832, #2666, #1625 ) ;
#251 = EDGE_LOOP ( 'NONE', ( #1331, #2287, #2645, #632 ) ) ;
#252 = AXIS2_PLACEMENT_3D ( 'NONE', #635, #2329, #1515 ) ;
#253 = DIRECTION ( 'NONE',  ( -6.938893903907234294E-16, 1.000000000000000000, 0.000000000000000000 ) ) ;
#254 =( BOUNDED_CURVE ( )  B_SPLINE_CURVE ( 3, ( #1866, #2685, #1676, #367 ),
 .UNSPECIFIED., .F., .T. ) 
 B_SPLINE_CURVE_WITH_KNOTS ( ( 4, 4 ),
 ( 4.712388980384688786, 4.792474560418347629 ),
 .UNSPECIFIED. ) 
 CURVE ( )  GEOMETRIC_REPRESENTATION_ITEM ( )  RATIONAL_B_SPLINE_CURVE ( ( 1.000000000000000000, 0.9994655964012900684, 0.9994655964012900684, 1.000000000000000000 ) ) 
 REPRESENTATION_ITEM ( '' )  );
#255 = CONICAL_SURFACE ( 'NONE', #1925, 6.000000000000000888, 0.7853981633974482790 ) ;
#256 = VERTEX_POINT ( 'NONE', #1502 ) ;
#257 = VECTOR ( 'NONE', #1905, 39.37007874015748143 ) ;
#258 = CARTESIAN_POINT ( 'NONE',  ( -1.028215981145904623, 5.831302600513236456, 0.000000000000000000 ) ) ;
#259 = CARTESIAN_POINT ( 'NONE',  ( -0.1710100716628394912, 0.4698463103929460538, -1.062500000000000000 ) ) ;
#260 = ADVANCED_FACE ( 'NONE', ( #2576 ), #1533, .F. ) ;
#261 = EDGE_LOOP ( 'NONE', ( #1116, #1976 ) ) ;
#262 = CARTESIAN_POINT ( 'NONE',  ( 0.06250000000000000000, 5.324999999999999289, 0.000000000000000000 ) ) ;
#263 = ORIENTED_EDGE ( 'NONE', *, *, #2548, .T. ) ;
#264 = EDGE_CURVE ( 'NONE', #993, #2066, #1276, .T. ) ;
#265 = DIRECTION ( 'NONE',  ( 1.000000000000000000, 0.000000000000000000, 0.000000000000000000 ) ) ;
#266 = ORIENTED_EDGE ( 'NONE', *, *, #1327, .T. ) ;
#267 = CARTESIAN_POINT ( 'NONE',  ( 0.000000000000000000, 5.075000000000000178, 0.1250000000000000000 ) ) ;
#268 = CARTESIAN_POINT ( 'NONE',  ( -0.9209469767211416746, -6.184028524488079270, -0.3546403174002230596 ) ) ;
#269 = DIRECTION ( 'NONE',  ( 1.000000000000000000, 0.000000000000000000, 0.000000000000000000 ) ) ;
#270 = VERTEX_POINT ( 'NONE', #2149 ) ;
#271 = LINE ( 'NONE', #1998, #571 ) ;
#272 = ORIENTED_EDGE ( 'NONE', *, *, #2168, .F. ) ;
#273 = EDGE_CURVE ( 'NONE', #547, #489, #2131, .T. ) ;
#274 = PLANE ( 'NONE',  #2464 ) ;
#275 = ADVANCED_FACE ( 'NONE', ( #2182 ), #1939, .T. ) ;
#276 = DIRECTION ( 'NONE',  ( -1.000000000000000000, 0.000000000000000000, 0.000000000000000000 ) ) ;
#277 = VERTEX_POINT ( 'NONE', #837 ) ;
#278 = FACE_OUTER_BOUND ( 'NONE', #979, .T. ) ;
#279 = CARTESIAN_POINT ( 'NONE',  ( -1.085301110418299686, -6.155048456326302819, 0.000000000000000000 ) ) ;
#280 = ORIENTED_EDGE ( 'NONE', *, *, #771, .T. ) ;
#281 = DIRECTION ( 'NONE',  ( 0.000000000000000000, 0.000000000000000000, 1.000000000000000000 ) ) ;
#282 = ORIENTED_EDGE ( 'NONE', *, *, #1226, .F. ) ;
#283 = VECTOR ( 'NONE', #667, 39.37007874015748143 ) ;
#284 = AXIS2_PLACEMENT_3D ( 'NONE', #2712, #966, #375 ) ;
#285 = CIRCLE ( 'NONE', #25, 0.1181102362204724532 ) ;
#287 = EDGE_CURVE ( 'NONE', #2293, #1438, #506, .T. ) ;
#286 = CARTESIAN_POINT ( 'NONE',  ( -0.1181102362204724532, -6.125000000000000000, 0.1250000000000000000 ) ) ;
#288 = CIRCLE ( 'NONE', #252, 0.06692913385826800010 ) ;
#289 = DIRECTION ( 'NONE',  ( -1.000000000000000000, 0.000000000000000000, 0.000000000000000000 ) ) ;
#290 = ORIENTED_EDGE ( 'NONE', *, *, #911, .F. ) ;
#291 = AXIS2_PLACEMENT_3D ( 'NONE', #1088, #16, #236 ) ;
#292 = CARTESIAN_POINT ( 'NONE',  ( 0.000000000000000000, 0.000000000000000000, -0.07874015748031830408 ) ) ;
#293 = CARTESIAN_POINT ( 'NONE',  ( -1.141909324569361004E-15, -1.863426657846645794E-15, -1.062500000000000000 ) ) ;
#294 = AXIS2_PLACEMENT_3D ( 'NONE', #630, #244, #10 ) ;
#295 = AXIS2_PLACEMENT_3D ( 'NONE', #1864, #114, #974 ) ;
#296 = VERTEX_POINT ( 'NONE', #1927 ) ;
#297 = CARTESIAN_POINT ( 'NONE',  ( -5.237476464321406233, -3.062500000000024869, 0.1250000000000000000 ) ) ;
#298 = ORIENTED_EDGE ( 'NONE', *, *, #1252, .T. ) ;
#299 = CARTESIAN_POINT ( 'NONE',  ( 1.712598425196851792, -4.046259842519683403, -3.977250342891675228 ) ) ;
#300 = PLANE ( 'NONE',  #1004 ) ;
#301 = EDGE_CURVE ( 'NONE', #1174, #2421, #2010, .T. ) ;
#302 = ORIENTED_EDGE ( 'NONE', *, *, #1680, .T. ) ;
#303 = FACE_OUTER_BOUND ( 'NONE', #1133, .T. ) ;
#304 = DIRECTION ( 'NONE',  ( 1.000000000000000000, 0.000000000000000000, 0.000000000000000000 ) ) ;
#305 = EDGE_CURVE ( 'NONE', #1024, #894, #2176, .T. ) ;
#306 = VERTEX_POINT ( 'NONE', #1788 ) ;
#307 = CARTESIAN_POINT ( 'NONE',  ( -5.422515834400145174, -3.062500000000024869, 0.1250000000000000000 ) ) ;
#308 = ORIENTED_EDGE ( 'NONE', *, *, #1823, .F. ) ;
#309 = EDGE_CURVE ( 'NONE', #668, #1534, #1690, .T. ) ;
#310 = ORIENTED_EDGE ( 'NONE', *, *, #1410, .T. ) ;
#311 = CARTESIAN_POINT ( 'NONE',  ( 0.000000000000000000, 0.000000000000000000, 0.000000000000000000 ) ) ;
#312 = DIRECTION ( 'NONE',  ( 1.000000000000000000, 0.000000000000000000, 0.000000000000000000 ) ) ;
#313 = DIRECTION ( 'NONE',  ( -0.000000000000000000, -0.000000000000000000, 1.000000000000000000 ) ) ;
#314 = EDGE_CURVE ( 'NONE', #2448, #942, #1154, .T. ) ;
#315 = ORIENTED_EDGE ( 'NONE', *, *, #1396, .F. ) ;
#316 = CARTESIAN_POINT ( 'NONE',  ( 5.304405598179714687, -3.062499999999950706, 0.1250000000000000000 ) ) ;
#317 = ORIENTED_EDGE ( 'NONE', *, *, #305, .F. ) ;
#318 = EDGE_CURVE ( 'NONE', #859, #642, #469, .T. ) ;
#319 = DIRECTION ( 'NONE',  ( 1.000000000000000000, 0.000000000000000000, 0.000000000000000000 ) ) ;
#320 = LINE ( 'NONE', #2671, #1649 ) ;
#321 = CIRCLE ( 'NONE', #1764, 0.06692913385826779193 ) ;
#322 = DIRECTION ( 'NONE',  ( 0.000000000000000000, 0.000000000000000000, -1.000000000000000000 ) ) ;
#323 = DIRECTION ( 'NONE',  ( 1.000000000000000000, 0.000000000000000000, 0.000000000000000000 ) ) ;
#324 = ORIENTED_EDGE ( 'NONE', *, *, #486, .T. ) ;
#325 = AXIS2_PLACEMENT_3D ( 'NONE', #1441, #2056, #1468 ) ;
#326 = CARTESIAN_POINT ( 'NONE',  ( 1.712598425196850238, -2.077755905511810663, -3.977250342891675228 ) ) ;
#327 = AXIS2_PLACEMENT_3D ( 'NONE', #1802, #1995, #969 ) ;
#328 = DIRECTION ( 'NONE',  ( -0.000000000000000000, -0.000000000000000000, -1.000000000000000000 ) ) ;
#329 = ORIENTED_EDGE ( 'NONE', *, *, #1218, .F. ) ;
#330 = VECTOR ( 'NONE', #1071, 39.37007874015748143 ) ;
#331 = CARTESIAN_POINT ( 'NONE',  ( -5.371334732037940540, -3.062500000000024869, 0.006889763779527552021 ) ) ;
#332 = EDGE_CURVE ( 'NONE', #1664, #872, #913, .T. ) ;
#333 = AXIS2_PLACEMENT_3D ( 'NONE', #230, #2133, #2563 ) ;
#334 = ORIENTED_EDGE ( 'NONE', *, *, #228, .T. ) ;
#335 = DIRECTION ( 'NONE',  ( -1.000000000000000000, 0.000000000000000000, 0.000000000000000000 ) ) ;
#336 = DIRECTION ( 'NONE',  ( 1.000000000000000000, 0.000000000000000000, 0.000000000000000000 ) ) ;
#337 = AXIS2_PLACEMENT_3D ( 'NONE', #2328, #2112, #196 ) ;
#338 = DIRECTION ( 'NONE',  ( -0.000000000000000000, -0.000000000000000000, 1.000000000000000000 ) ) ;
#339 = VECTOR ( 'NONE', #1930, 39.37007874015748143 ) ;
#340 = ORIENTED_EDGE ( 'NONE', *, *, #1827, .T. ) ;
#341 = CARTESIAN_POINT ( 'NONE',  ( 0.000000000000000000, 0.000000000000000000, -1.062500000000000000 ) ) ;
#342 = EDGE_CURVE ( 'NONE', #1568, #1033, #2518, .T. ) ;
#343 = ORIENTED_EDGE ( 'NONE', *, *, #1145, .T. ) ;
#344 = ORIENTED_EDGE ( 'NONE', *, *, #1577, .F. ) ;
#345 = DIRECTION ( 'NONE',  ( 0.000000000000000000, 0.000000000000000000, 1.000000000000000000 ) ) ;
#346 = CARTESIAN_POINT ( 'NONE',  ( 0.04167043503903351820, 6.000000000000002665, -1.062500000000002220 ) ) ;
#347 = CARTESIAN_POINT ( 'NONE',  ( -4.997122966432489655, -3.757540975687024165, -0.7089963532076484221 ) ) ;
#348 = ORIENTED_EDGE ( 'NONE', *, *, #172, .T. ) ;
#349 = ORIENTED_EDGE ( 'NONE', *, *, #1449, .T. ) ;
#350 = DIRECTION ( 'NONE',  ( 0.5816062507874502074, 0.6931313388512010398, -0.4257970363298775873 ) ) ;
#351 = VERTEX_POINT ( 'NONE', #2599 ) ;
#352 = DIRECTION ( 'NONE',  ( -0.3094662222105307725, -0.8502514576073564312, -0.4257970363298789751 ) ) ;
#353 = DIRECTION ( 'NONE',  ( -0.000000000000000000, -0.000000000000000000, 1.000000000000000000 ) ) ;
#354 = EDGE_CURVE ( 'NONE', #886, #1664, #2154, .T. ) ;
#355 = DIRECTION ( 'NONE',  ( -0.000000000000000000, -0.000000000000000000, 1.000000000000000000 ) ) ;
#356 = ORIENTED_EDGE ( 'NONE', *, *, #1079, .F. ) ;
#357 = ORIENTED_EDGE ( 'NONE', *, *, #42, .T. ) ;
#358 = EDGE_CURVE ( 'NONE', #1051, #1024, #2430, .T. ) ;
#359 = DIRECTION ( 'NONE',  ( -1.000000000000000000, 0.000000000000000000, -0.000000000000000000 ) ) ;
#360 = LINE ( 'NONE', #2269, #2565 ) ;
#361 = DIRECTION ( 'NONE',  ( -0.000000000000000000, -0.000000000000000000, 1.000000000000000000 ) ) ;
#362 = ORIENTED_EDGE ( 'NONE', *, *, #1827, .F. ) ;
#363 = DIRECTION ( 'NONE',  ( -0.000000000000000000, 0.000000000000000000, -1.000000000000000000 ) ) ;
#364 = CYLINDRICAL_SURFACE ( 'NONE', #510, 0.1181102362204725503 ) ;
#365 = EDGE_LOOP ( 'NONE', ( #1859, #1878, #2246, #524 ) ) ;
#366 = ORIENTED_EDGE ( 'NONE', *, *, #1155, .F. ) ;
#367 = CARTESIAN_POINT ( 'NONE',  ( 5.683244789058318425, 2.600620823503780432, -1.062500000000000000 ) ) ;
#368 = CARTESIAN_POINT ( 'NONE',  ( -1.614173228346456712, -4.144685039370077817, -3.977250342891675228 ) ) ;
#369 = ORIENTED_EDGE ( 'NONE', *, *, #1345, .F. ) ;
#370 = EDGE_CURVE ( 'NONE', #2255, #2232, #1057, .T. ) ;
#371 = ORIENTED_EDGE ( 'NONE', *, *, #644, .F. ) ;
#372 = B_SPLINE_CURVE_WITH_KNOTS ( 'NONE', 3,
 ( #852, #2575, #2532, #1291 ),
 .UNSPECIFIED., .F., .F.,
 ( 4, 4 ),
 ( 0.000000000000000000, 0.002978958985904194955 ),
 .UNSPECIFIED. ) ;
#373 = VECTOR ( 'NONE', #47, 39.37007874015748143 ) ;
#374 = CARTESIAN_POINT ( 'NONE',  ( -4.535948198625776584, 3.806112460506100525, 0.000000000000000000 ) ) ;
#375 = DIRECTION ( 'NONE',  ( 1.000000000000000000, 0.000000000000000000, 0.000000000000000000 ) ) ;
#376 = CARTESIAN_POINT ( 'NONE',  ( 5.492606954137319697, -2.982242251622488460, -1.062500000000000000 ) ) ;
#377 = VECTOR ( 'NONE', #1648, 39.37007874015748143 ) ;
#378 = ORIENTED_EDGE ( 'NONE', *, *, #2138, .F. ) ;
#379 = CARTESIAN_POINT ( 'NONE',  ( -5.447534617200262552, 2.514829337033587908, -1.062500000000000000 ) ) ;
#380 = CIRCLE ( 'NONE', #472, 0.1181102362204724532 ) ;
#381 = ORIENTED_EDGE ( 'NONE', *, *, #207, .T. ) ;
#382 = CARTESIAN_POINT ( 'NONE',  ( 0.000000000000000000, 0.000000000000000000, 0.000000000000000000 ) ) ;
#383 = CARTESIAN_POINT ( 'NONE',  ( -0.06692913385826780581, -6.125000000000000000, 0.006889763779527552021 ) ) ;
#384 = AXIS2_PLACEMENT_3D ( 'NONE', #2186, #467, #1334 ) ;
#385 = CARTESIAN_POINT ( 'NONE',  ( 1.712598425196851792, -4.046259842519683403, 0.1250000000000000000 ) ) ;
#386 = AXIS2_PLACEMENT_3D ( 'NONE', #624, #666, #2557 ) ;
#387 = CARTESIAN_POINT ( 'NONE',  ( 0.06692913385826759765, -6.125000000000000000, 0.1250000000000000000 ) ) ;
#388 = EDGE_LOOP ( 'NONE', ( #1323, #1653, #86, #984 ) ) ;
#389 = CARTESIAN_POINT ( 'NONE',  ( 4.535948198625725958, 3.806112460506165363, 0.000000000000000000 ) ) ;
#390 = EDGE_CURVE ( 'NONE', #1546, #1466, #418, .T. ) ;
#391 = DIRECTION ( 'NONE',  ( -0.000000000000000000, -0.000000000000000000, 1.000000000000000000 ) ) ;
#392 = ORIENTED_EDGE ( 'NONE', *, *, #2224, .T. ) ;
#393 = CARTESIAN_POINT ( 'NONE',  ( -0.7555644574896553944, 6.206405922608702497, -0.7089963532076475339 ) ) ;
#394 = LINE ( 'NONE', #1264, #2641 ) ;
#395 = ORIENTED_EDGE ( 'NONE', *, *, #847, .F. ) ;
#396 = CARTESIAN_POINT ( 'NONE',  ( -0.06250000000000000000, 5.211358901432945778, 0.1250000000000000000 ) ) ;
#397 = ADVANCED_FACE ( 'NONE', ( #491 ), #2649, .F. ) ;
#398 = DIRECTION ( 'NONE',  ( -0.000000000000000000, -0.000000000000000000, 1.000000000000000000 ) ) ;
#399 = DIRECTION ( 'NONE',  ( 0.000000000000000000, 0.000000000000000000, 1.000000000000000000 ) ) ;
#400 = CARTESIAN_POINT ( 'NONE',  ( -5.304405598179693371, 3.062499999999988010, 0.006889763779527552021 ) ) ;
#401 = CARTESIAN_POINT ( 'NONE',  ( 0.000000000000000000, 6.000000000000000888, -1.062500000000000000 ) ) ;
#402 = ORIENTED_EDGE ( 'NONE', *, *, #2413, .F. ) ;
#403 = CYLINDRICAL_SURFACE ( 'NONE', #1073, 0.06692913385826759765 ) ;
#404 = CARTESIAN_POINT ( 'NONE',  ( -4.787777769493631652, 4.017422560540847343, 0.000000000000000000 ) ) ;
#405 = ORIENTED_EDGE ( 'NONE', *, *, #2041, .T. ) ;
#406 = LINE ( 'NONE', #238, #1748 ) ;
#407 = CARTESIAN_POINT ( 'NONE',  ( 0.000000000000000000, 0.000000000000000000, -0.07874015748031612527 ) ) ;
#408 = DIRECTION ( 'NONE',  ( -0.000000000000000000, -0.000000000000000000, 1.000000000000000000 ) ) ;
#409 = DIRECTION ( 'NONE',  ( 0.000000000000000000, 0.000000000000000000, 1.000000000000000000 ) ) ;
#410 = EDGE_CURVE ( 'NONE', #642, #2232, #2702, .T. ) ;
#411 = VERTEX_POINT ( 'NONE', #1354 ) ;
#412 = CARTESIAN_POINT ( 'NONE',  ( -5.371334732037961857, 3.062499999999988010, 0.006889763779527552021 ) ) ;
#413 = LINE ( 'NONE', #1083, #967 ) ;
#414 = ADVANCED_FACE ( 'NONE', ( #1801 ), #2239, .F. ) ;
#415 = FACE_OUTER_BOUND ( 'NONE', #962, .T. ) ;
#416 = CARTESIAN_POINT ( 'NONE',  ( 4.787777769493575697, 4.017422560540913956, 0.000000000000000000 ) ) ;
#417 = VERTEX_POINT ( 'NONE', #930 ) ;
#418 =( BOUNDED_CURVE ( )  B_SPLINE_CURVE ( 3, ( #1365, #2635, #941, #903 ),
 .UNSPECIFIED., .F., .T. ) 
 B_SPLINE_CURVE_WITH_KNOTS ( ( 4, 4 ),
 ( 4.712388980384688786, 4.792474560418347629 ),
 .UNSPECIFIED. ) 
 CURVE ( )  GEOMETRIC_REPRESENTATION_ITEM ( )  RATIONAL_B_SPLINE_CURVE ( ( 1.000000000000000000, 0.9994655964012900684, 0.9994655964012900684, 1.000000000000000000 ) ) 
 REPRESENTATION_ITEM ( '' )  );
#419 = DIRECTION ( 'NONE',  ( 0.1736481776669268340, -0.9848077530122085754, 0.000000000000000000 ) ) ;
#420 = DIRECTION ( 'NONE',  ( 1.000000000000000000, -2.842170943040400743E-14, 0.000000000000000000 ) ) ;
#421 = AXIS2_PLACEMENT_3D ( 'NONE', #2247, #322, #2620 ) ;
#422 = DIRECTION ( 'NONE',  ( 0.000000000000000000, 0.000000000000000000, -1.000000000000000000 ) ) ;
#423 = FACE_OUTER_BOUND ( 'NONE', #695, .T. ) ;
#424 = CARTESIAN_POINT ( 'NONE',  ( 5.304405598179714687, -3.062499999999950706, 0.1250000000000000000 ) ) ;
#425 = AXIS2_PLACEMENT_3D ( 'NONE', #578, #2095, #1850 ) ;
#426 = ORIENTED_EDGE ( 'NONE', *, *, #1588, .T. ) ;
#427 = DIRECTION ( 'NONE',  ( -0.000000000000000000, -0.000000000000000000, 1.000000000000000000 ) ) ;
#428 = VECTOR ( 'NONE', #70, 39.37007874015748143 ) ;
#429 = CARTESIAN_POINT ( 'NONE',  ( 5.304405598179714687, -3.062499999999950706, -1.062500000000000000 ) ) ;
#430 = VERTEX_POINT ( 'NONE', #2396 ) ;
#431 = AXIS2_PLACEMENT_3D ( 'NONE', #218, #2148, #868 ) ;
#432 = AXIS2_PLACEMENT_3D ( 'NONE', #827, #2496, #1463 ) ;
#433 = EDGE_CURVE ( 'NONE', #1352, #442, #480, .T. ) ;
#434 = ORIENTED_EDGE ( 'NONE', *, *, #2368, .F. ) ;
#435 = EDGE_CURVE ( 'NONE', #2267, #1685, #706, .T. ) ;
#436 = CARTESIAN_POINT ( 'NONE',  ( -1.005377942054144880, 5.915168230374432845, -0.07874015748031609752 ) ) ;
#437 = AXIS2_PLACEMENT_3D ( 'NONE', #2299, #2722, #312 ) ;
#438 = CARTESIAN_POINT ( 'NONE',  ( 0.000000000000000000, 0.000000000000000000, -1.062500000000000000 ) ) ;
#439 = FACE_BOUND ( 'NONE', #536, .T. ) ;
#440 = CARTESIAN_POINT ( 'NONE',  ( -0.5458612165466543154, -5.975118035007360717, -1.062500000000000000 ) ) ;
#441 = CARTESIAN_POINT ( 'NONE',  ( -5.422515834400145174, -3.062500000000024869, 0.006889763779527552021 ) ) ;
#442 = VERTEX_POINT ( 'NONE', #1982 ) ;
#443 = CARTESIAN_POINT ( 'NONE',  ( -0.08333860900557173157, 5.999565909414228848, -1.061577557505234859 ) ) ;
#444 = ORIENTED_EDGE ( 'NONE', *, *, #390, .F. ) ;
#445 = CARTESIAN_POINT ( 'NONE',  ( 1.614173228346456490, -2.077755905511810663, 0.1250000000000000000 ) ) ;
#446 = ORIENTED_EDGE ( 'NONE', *, *, #2213, .F. ) ;
#447 = VERTEX_POINT ( 'NONE', #1624 ) ;
#448 = CARTESIAN_POINT ( 'NONE',  ( 0.1499999999999998557, 5.075000000000000178, 0.1250000000000000000 ) ) ;
#449 = DIRECTION ( 'NONE',  ( 1.000000000000000000, 0.000000000000000000, 0.000000000000000000 ) ) ;
#450 =( BOUNDED_CURVE ( )  B_SPLINE_CURVE ( 3, ( #1432, #176, #1477, #190 ),
 .UNSPECIFIED., .F., .T. ) 
 B_SPLINE_CURVE_WITH_KNOTS ( ( 4, 4 ),
 ( 4.628958893774075101, 4.706213242502019334 ),
 .UNSPECIFIED. ) 
 CURVE ( )  GEOMETRIC_REPRESENTATION_ITEM ( )  RATIONAL_B_SPLINE_CURVE ( ( 1.000000000000000000, 0.9995027089704446865, 0.9995027089704446865, 1.000000000000000000 ) ) 
 REPRESENTATION_ITEM ( '' )  );
#451 = FACE_BOUND ( 'NONE', #2388, .T. ) ;
#452 = EDGE_CURVE ( 'NONE', #763, #39, #223, .T. ) ;
#453 = CARTESIAN_POINT ( 'NONE',  ( 4.535948198625725958, 3.806112460506165363, 0.000000000000000000 ) ) ;
#454 = LINE ( 'NONE', #2161, #605 ) ;
#455 = VERTEX_POINT ( 'NONE', #758 ) ;
#456 = CARTESIAN_POINT ( 'NONE',  ( 0.000000000000000000, 0.000000000000000000, 0.000000000000000000 ) ) ;
#457 = DIRECTION ( 'NONE',  ( 1.000000000000000000, 0.000000000000000000, 0.000000000000000000 ) ) ;
#458 = ORIENTED_EDGE ( 'NONE', *, *, #864, .T. ) ;
#459 = ORIENTED_EDGE ( 'NONE', *, *, #1665, .T. ) ;
#460 = DIRECTION ( 'NONE',  ( 0.5000000000000039968, -0.8660254037844363761, 0.000000000000000000 ) ) ;
#461 = EDGE_CURVE ( 'NONE', #2654, #2073, #994, .T. ) ;
#462 = VERTEX_POINT ( 'NONE', #562 ) ;
#463 = CARTESIAN_POINT ( 'NONE',  ( 5.304405598179650738, 3.062500000000061728, 0.1250000000000000000 ) ) ;
#464 = DIRECTION ( 'NONE',  ( 1.000000000000000000, 0.000000000000000000, 0.000000000000000000 ) ) ;
#465 = EDGE_LOOP ( 'NONE', ( #1638, #768 ) ) ;
#466 = PRODUCT_CONTEXT ( 'NONE', #2686, 'mechanical' ) ;
#467 = DIRECTION ( 'NONE',  ( 0.000000000000000000, 0.000000000000000000, 1.000000000000000000 ) ) ;
#468 = ORIENTED_EDGE ( 'NONE', *, *, #897, .T. ) ;
#469 = CIRCLE ( 'NONE', #1958, 6.000000000000000888 ) ;
#470 = VECTOR ( 'NONE', #557, 39.37007874015748143 ) ;
#471 = AXIS2_PLACEMENT_3D ( 'NONE', #1660, #821, #186 ) ;
#472 = AXIS2_PLACEMENT_3D ( 'NONE', #1219, #1006, #179 ) ;
#473 = CARTESIAN_POINT ( 'NONE',  ( 0.000000000000000000, -6.125000000000000000, 0.006889763779527552021 ) ) ;
#474 = DIRECTION ( 'NONE',  ( 0.000000000000000000, 0.000000000000000000, -1.000000000000000000 ) ) ;
#475 = VECTOR ( 'NONE', #1053, 39.37007874015748143 ) ;
#476 = ORIENTED_EDGE ( 'NONE', *, *, #354, .F. ) ;
#477 = AXIS2_PLACEMENT_3D ( 'NONE', #121, #561, #359 ) ;
#478 = DIRECTION ( 'NONE',  ( 0.000000000000000000, 0.000000000000000000, 1.000000000000000000 ) ) ;
#479 = DIRECTION ( 'NONE',  ( 0.000000000000000000, 0.000000000000000000, 1.000000000000000000 ) ) ;
#480 = LINE ( 'NONE', #1344, #555 ) ;
#481 = CIRCLE ( 'NONE', #36, 6.000000000000000888 ) ;
#482 = EDGE_CURVE ( 'NONE', #166, #1874, #360, .T. ) ;
#483 = ORIENTED_EDGE ( 'NONE', *, *, #1074, .T. ) ;
#484 = DIRECTION ( 'NONE',  ( 1.000000000000000000, 0.000000000000000000, 0.000000000000000000 ) ) ;
#485 = ORIENTED_EDGE ( 'NONE', *, *, #116, .T. ) ;
#486 = EDGE_CURVE ( 'NONE', #126, #993, #2643, .T. ) ;
#487 = CARTESIAN_POINT ( 'NONE',  ( 0.000000000000000000, 5.075000000000000178, -1.062500000000000000 ) ) ;
#488 = CARTESIAN_POINT ( 'NONE',  ( 0.000000000000000000, 0.000000000000000000, -0.07874015748031830408 ) ) ;
#489 = VERTEX_POINT ( 'NONE', #2300 ) ;
#490 = CARTESIAN_POINT ( 'NONE',  ( -0.06250000000000000000, 5.324999999999999289, 0.1250000000000000000 ) ) ;
#491 = FACE_OUTER_BOUND ( 'NONE', #1837, .T. ) ;
#492 = CARTESIAN_POINT ( 'NONE',  ( 1.712598425196851792, -4.046259842519683403, 0.07500000000000014988 ) ) ;
#493 = EDGE_LOOP ( 'NONE', ( #2362, #1020, #2462, #63 ) ) ;
#494 = LINE ( 'NONE', #2205, #2481 ) ;
#495 = ORIENTED_EDGE ( 'NONE', *, *, #1218, .T. ) ;
#496 = EDGE_CURVE ( 'NONE', #1760, #944, #104, .T. ) ;
#497 = DIRECTION ( 'NONE',  ( 0.000000000000000000, 0.000000000000000000, -1.000000000000000000 ) ) ;
#498 = FACE_BOUND ( 'NONE', #2721, .T. ) ;
#499 = EDGE_LOOP ( 'NONE', ( #1798, #1265 ) ) ;
#500 = CARTESIAN_POINT ( 'NONE',  ( 5.304405598179650738, 3.062500000000061728, 0.006889763779527552021 ) ) ;
#501 = DIRECTION ( 'NONE',  ( 1.000000000000000000, 0.000000000000000000, 0.000000000000000000 ) ) ;
#502 = ORIENTED_EDGE ( 'NONE', *, *, #776, .F. ) ;
#503 = ORIENTED_EDGE ( 'NONE', *, *, #1349, .F. ) ;
#504 =( BOUNDED_CURVE ( )  B_SPLINE_CURVE ( 3, ( #1637, #346, #1671, #2466 ),
 .UNSPECIFIED., .F., .T. ) 
 B_SPLINE_CURVE_WITH_KNOTS ( ( 4, 4 ),
 ( 3.141592653589793116, 3.162427494258441385 ),
 .UNSPECIFIED. ) 
 CURVE ( )  GEOMETRIC_REPRESENTATION_ITEM ( )  RATIONAL_B_SPLINE_CURVE ( ( 1.000000000000000000, 0.9999638261116682303, 0.9999638261116682303, 1.000000000000000000 ) ) 
 REPRESENTATION_ITEM ( '' )  );
#505 = AXIS2_PLACEMENT_3D ( 'NONE', #1018, #173, #2473 ) ;
#506 = CIRCLE ( 'NONE', #1511, 0.06692913385826800010 ) ;
#507 = MANIFOLD_SOLID_BREP ( 'Chamfer2', #1553 ) ;
#508 = AXIS2_PLACEMENT_3D ( 'NONE', #1691, #355, #1480 ) ;
#509 = EDGE_CURVE ( 'NONE', #2067, #1437, #1768, .T. ) ;
#510 = AXIS2_PLACEMENT_3D ( 'NONE', #200, #1491, #1229 ) ;
#511 = DIRECTION ( 'NONE',  ( -0.000000000000000000, -0.000000000000000000, 1.000000000000000000 ) ) ;
#512 = ORIENTED_EDGE ( 'NONE', *, *, #2263, .F. ) ;
#513 = AXIS2_PLACEMENT_3D ( 'NONE', #1343, #2191, #712 ) ;
#514 = EDGE_CURVE ( 'NONE', #1606, #848, #504, .T. ) ;
#515 = FACE_OUTER_BOUND ( 'NONE', #1521, .T. ) ;
#516 = CARTESIAN_POINT ( 'NONE',  ( 0.5458612165466554256, -5.975118035007360717, -1.062500000000000000 ) ) ;
#517 = CARTESIAN_POINT ( 'NONE',  ( 0.1499999999999998557, 5.075000000000000178, -1.062500000000000000 ) ) ;
#518 = AXIS2_PLACEMENT_3D ( 'NONE', #1600, #2244, #749 ) ;
#519 = EDGE_LOOP ( 'NONE', ( #689, #2008, #2162, #790, #1797 ) ) ;
#520 = DIRECTION ( 'NONE',  ( 1.000000000000000000, 0.000000000000000000, 0.000000000000000000 ) ) ;
#521 = ORIENTED_EDGE ( 'NONE', *, *, #816, .F. ) ;
#522 = DIRECTION ( 'NONE',  ( 0.000000000000000000, 0.000000000000000000, 1.000000000000000000 ) ) ;
#523 = LINE ( 'NONE', #2670, #2053 ) ;
#524 = ORIENTED_EDGE ( 'NONE', *, *, #1349, .T. ) ;
#525 = CARTESIAN_POINT ( 'NONE',  ( -5.304405598179693371, 3.062499999999988010, 0.1250000000000000000 ) ) ;
#526 = UNCERTAINTY_MEASURE_WITH_UNIT (LENGTH_MEASURE( 1.000000000000000082E-05 ), #1404, 'distance_accuracy_value', 'NONE');
#527 = PLANE ( 'NONE',  #838 ) ;
#528 = ORIENTED_EDGE ( 'NONE', *, *, #1808, .T. ) ;
#529 = ADVANCED_FACE ( 'NONE', ( #1011 ), #2209, .F. ) ;
#530 = CARTESIAN_POINT ( 'NONE',  ( 0.000000000000000000, 0.000000000000000000, 0.000000000000000000 ) ) ;
#531 = DIRECTION ( 'NONE',  ( 1.000000000000000000, 0.000000000000000000, 0.000000000000000000 ) ) ;
#532 = CARTESIAN_POINT ( 'NONE',  ( 0.000000000000000000, -6.125000000000000000, 0.006889763779527552021 ) ) ;
#533 = EDGE_CURVE ( 'NONE', #1033, #1568, #2135, .T. ) ;
#534 = ORIENTED_EDGE ( 'NONE', *, *, #1391, .T. ) ;
#535 = CARTESIAN_POINT ( 'NONE',  ( 0.5894186957641495139, 6.222144775001921424, -1.062500000000000000 ) ) ;
#536 = EDGE_LOOP ( 'NONE', ( #991, #371 ) ) ;
#537 =( BOUNDED_CURVE ( )  B_SPLINE_CURVE ( 3, ( #440, #1705, #1488, #1306 ),
 .UNSPECIFIED., .F., .T. ) 
 B_SPLINE_CURVE_WITH_KNOTS ( ( 4, 4 ),
 ( 4.628958893774075101, 4.706213242502019334 ),
 .UNSPECIFIED. ) 
 CURVE ( )  GEOMETRIC_REPRESENTATION_ITEM ( )  RATIONAL_B_SPLINE_CURVE ( ( 1.000000000000000000, 0.9995027089704446865, 0.9995027089704446865, 1.000000000000000000 ) ) 
 REPRESENTATION_ITEM ( '' )  );
#538 = ORIENTED_EDGE ( 'NONE', *, *, #1333, .T. ) ;
#539 = CARTESIAN_POINT ( 'NONE',  ( -1.614173228346456490, -2.077755905511810219, -3.977250342891675228 ) ) ;
#540 = CARTESIAN_POINT ( 'NONE',  ( 1.005377942054144880, -5.915168230374432845, -0.07874015748031609752 ) ) ;
#541 = DIRECTION ( 'NONE',  ( 0.000000000000000000, -0.000000000000000000, -1.000000000000000000 ) ) ;
#542 = ORIENTED_EDGE ( 'NONE', *, *, #2100, .T. ) ;
#543 = EDGE_LOOP ( 'NONE', ( #1009, #1101, #2583, #2134 ) ) ;
#544 = ADVANCED_FACE ( 'NONE', ( #2199 ), #274, .F. ) ;
#545 = CARTESIAN_POINT ( 'NONE',  ( 1.407807218024482615E-14, 2.592858347305292398E-14, 5.921259842519765115 ) ) ;
#546 = DIRECTION ( 'NONE',  ( 0.000000000000000000, 0.000000000000000000, 1.000000000000000000 ) ) ;
#547 = VERTEX_POINT ( 'NONE', #78 ) ;
#548 = DIRECTION ( 'NONE',  ( -0.000000000000000000, -0.000000000000000000, 1.000000000000000000 ) ) ;
#549 = VERTEX_POINT ( 'NONE', #90 ) ;
#550 = CARTESIAN_POINT ( 'NONE',  ( 0.000000000000000000, 0.000000000000000000, 0.1250000000000000000 ) ) ;
#551 = ADVANCED_FACE ( 'NONE', ( #1129, #1987 ), #947, .T. ) ;
#552 = FACE_OUTER_BOUND ( 'NONE', #2026, .T. ) ;
#553 = AXIS2_PLACEMENT_3D ( 'NONE', #1659, #1472, #1628 ) ;
#554 =( BOUNDED_CURVE ( )  B_SPLINE_CURVE ( 3, ( #1496, #2165, #2124, #896 ),
 .UNSPECIFIED., .F., .T. ) 
 B_SPLINE_CURVE_WITH_KNOTS ( ( 4, 4 ),
 ( 1.576972064677566010, 1.654226413405510687 ),
 .UNSPECIFIED. ) 
 CURVE ( )  GEOMETRIC_REPRESENTATION_ITEM ( )  RATIONAL_B_SPLINE_CURVE ( ( 1.000000000000000000, 0.9995027089704446865, 0.9995027089704446865, 1.000000000000000000 ) ) 
 REPRESENTATION_ITEM ( '' )  );
#555 = VECTOR ( 'NONE', #2192, 39.37007874015748143 ) ;
#556 = VERTEX_POINT ( 'NONE', #118 ) ;
#557 = DIRECTION ( 'NONE',  ( -6.938893903907235280E-16, 1.000000000000000000, 0.000000000000000000 ) ) ;
#558 = ORIENTED_EDGE ( 'NONE', *, *, #2476, .T. ) ;
#559 = ORIENTED_EDGE ( 'NONE', *, *, #1716, .F. ) ;
#560 = AXIS2_PLACEMENT_3D ( 'NONE', #488, #1341, #289 ) ;
#561 = DIRECTION ( 'NONE',  ( 0.000000000000000000, 0.000000000000000000, -1.000000000000000000 ) ) ;
#562 = CARTESIAN_POINT ( 'NONE',  ( 0.1181102362204724532, 6.125000000000000000, 0.1250000000000000000 ) ) ;
#563 = LINE ( 'NONE', #1424, #247 ) ;
#564 = AXIS2_PLACEMENT_3D ( 'NONE', #2319, #1455, #2102 ) ;
#565 = CARTESIAN_POINT ( 'NONE',  ( 5.304405598179714687, -3.062499999999950706, 0.006889763779527552021 ) ) ;
#566 = ORIENTED_EDGE ( 'NONE', *, *, #880, .T. ) ;
#567 = ORIENTED_EDGE ( 'NONE', *, *, #1949, .T. ) ;
#568 = AXIS2_PLACEMENT_3D ( 'NONE', #2169, #2381, #1541 ) ;
#569 = FACE_OUTER_BOUND ( 'NONE', #862, .T. ) ;
#570 = CARTESIAN_POINT ( 'NONE',  ( 5.422515834400186918, -3.062499999999950706, 0.1250000000000000000 ) ) ;
#571 = VECTOR ( 'NONE', #1383, 39.37007874015748143 ) ;
#572 = ADVANCED_FACE ( 'NONE', ( #1185, #2208 ), #2048, .F. ) ;
#573 = EDGE_LOOP ( 'NONE', ( #1762, #45, #266, #1249 ) ) ;
#574 = DIRECTION ( 'NONE',  ( -0.000000000000000000, -0.000000000000000000, 1.000000000000000000 ) ) ;
#575 = CARTESIAN_POINT ( 'NONE',  ( 0.000000000000000000, 0.000000000000000000, 0.07499999999999999722 ) ) ;
#576 = AXIS2_PLACEMENT_3D ( 'NONE', #1960, #2004, #1782 ) ;
#577 = EDGE_CURVE ( 'NONE', #748, #1438, #2225, .T. ) ;
#578 = CARTESIAN_POINT ( 'NONE',  ( 5.371334732037982285, -3.062499999999950706, 0.006889763779527552021 ) ) ;
#579 = CYLINDRICAL_SURFACE ( 'NONE', #839, 0.06692913385826759765 ) ;
#580 = ORIENTED_EDGE ( 'NONE', *, *, #1302, .T. ) ;
#581 = ORIENTED_EDGE ( 'NONE', *, *, #342, .F. ) ;
#582 = CARTESIAN_POINT ( 'NONE',  ( -5.304405598179672943, -3.062500000000024869, 0.1250000000000000000 ) ) ;
#583 = ORIENTED_EDGE ( 'NONE', *, *, #1151, .F. ) ;
#584 = DIRECTION ( 'NONE',  ( -0.000000000000000000, -0.000000000000000000, -1.000000000000000000 ) ) ;
#585 = CYLINDRICAL_SURFACE ( 'NONE', #1064, 0.1499999999999998557 ) ;
#586 = B_SPLINE_CURVE_WITH_KNOTS ( 'NONE', 3,
 ( #1715, #2529, #621, #2555 ),
 .UNSPECIFIED., .F., .F.,
 ( 4, 4 ),
 ( 3.631543228538716795E-17, 0.002978958985903913930 ),
 .UNSPECIFIED. ) ;
#587 = ORIENTED_EDGE ( 'NONE', *, *, #461, .F. ) ;
#588 = DIRECTION ( 'NONE',  ( -0.000000000000000000, -0.000000000000000000, 1.000000000000000000 ) ) ;
#589 = DIRECTION ( 'NONE',  ( -0.000000000000000000, 0.000000000000000000, 1.000000000000000000 ) ) ;
#590 = EDGE_CURVE ( 'NONE', #1110, #2029, #2630, .T. ) ;
#591 = CARTESIAN_POINT ( 'NONE',  ( 5.304405598179650738, 3.062500000000061728, 0.1250000000000000000 ) ) ;
#592 = ORIENTED_EDGE ( 'NONE', *, *, #1901, .F. ) ;
#593 = ORIENTED_EDGE ( 'NONE', *, *, #1988, .F. ) ;
#594 = DIRECTION ( 'NONE',  ( -0.6214175397860559613, 0.3374021950821284865, 0.7071067811865522357 ) ) ;
#595 = CARTESIAN_POINT ( 'NONE',  ( -0.7555644574896536181, -6.206405922608702497, -0.7089963532076479780 ) ) ;
#596 = CARTESIAN_POINT ( 'NONE',  ( 1.614173228346456490, -2.077755905511810663, -3.977250342891675228 ) ) ;
#597 = ORIENTED_EDGE ( 'NONE', *, *, #2302, .T. ) ;
#598 = DIRECTION ( 'NONE',  ( 0.1736481776669268340, 0.9848077530122085754, 0.000000000000000000 ) ) ;
#599 = EDGE_LOOP ( 'NONE', ( #242, #752, #1703, #2656, #1312, #2014, #1587, #1615, #587, #405, #2734, #2151, #957, #2266, #1991, #2417, #901, #1040, #1066, #56, #434, #521, #1195, #1967, #761, #191, #241, #1970, #1661, #1346 ) ) ;
#600 = CARTESIAN_POINT ( 'NONE',  ( 0.000000000000000000, 0.000000000000000000, -0.07874015748031612527 ) ) ;
#601 = DIRECTION ( 'NONE',  ( -0.000000000000000000, -0.000000000000000000, 1.000000000000000000 ) ) ;
#602 = DIRECTION ( 'NONE',  ( 1.000000000000000000, 0.000000000000000000, 0.000000000000000000 ) ) ;
#603 = DIRECTION ( 'NONE',  ( -0.000000000000000000, -0.000000000000000000, 1.000000000000000000 ) ) ;
#604 = ORIENTED_EDGE ( 'NONE', *, *, #2675, .T. ) ;
#605 = VECTOR ( 'NONE', #227, 39.37007874015748854 ) ;
#606 = LINE ( 'NONE', #2341, #2317 ) ;
#607 = CYLINDRICAL_SURFACE ( 'NONE', #691, 6.000000000000000888 ) ;
#608 = AXIS2_PLACEMENT_3D ( 'NONE', #341, #990, #1005 ) ;
#609 = EDGE_CURVE ( 'NONE', #1426, #23, #2032, .T. ) ;
#610 = ORIENTED_EDGE ( 'NONE', *, *, #671, .F. ) ;
#611 = CARTESIAN_POINT ( 'NONE',  ( 0.1250000000000000000, 5.919940297218904135, 0.000000000000000000 ) ) ;
#612 = AXIS2_PLACEMENT_3D ( 'NONE', #2454, #546, #269 ) ;
#613 = CIRCLE ( 'NONE', #158, 6.000000000000000888 ) ;
#614 = ORIENTED_EDGE ( 'NONE', *, *, #64, .T. ) ;
#615 = CARTESIAN_POINT ( 'NONE',  ( 0.000000000000000000, 0.000000000000000000, -1.062500000000000000 ) ) ;
#616 = FACE_OUTER_BOUND ( 'NONE', #2447, .T. ) ;
#617 = AXIS2_PLACEMENT_3D ( 'NONE', #575, #589, #1050 ) ;
#618 = DIRECTION ( 'NONE',  ( 1.000000000000000000, 0.000000000000000000, 0.000000000000000000 ) ) ;
#619 = AXIS2_PLACEMENT_3D ( 'NONE', #530, #1889, #1010 ) ;
#620 = LINE ( 'NONE', #181, #214 ) ;
#621 = CARTESIAN_POINT ( 'NONE',  ( -4.563975339046867141, -3.813516962408646016, -0.02622955725494468746 ) ) ;
#622 = ADVANCED_FACE ( 'NONE', ( #753, #1618 ), #300, .F. ) ;
#623 = EDGE_LOOP ( 'NONE', ( #1126, #344 ) ) ;
#624 = CARTESIAN_POINT ( 'NONE',  ( 5.304405598179650738, 3.062500000000061728, 0.1250000000000000000 ) ) ;
#625 = DIRECTION ( 'NONE',  ( -0.000000000000000000, -0.000000000000000000, 1.000000000000000000 ) ) ;
#626 = ADVANCED_FACE ( 'NONE', ( #2018 ), #1826, .F. ) ;
#627 = DIRECTION ( 'NONE',  ( 1.000000000000000000, 0.000000000000000000, 0.000000000000000000 ) ) ;
#628 = VERTEX_POINT ( 'NONE', #1359 ) ;
#629 = CARTESIAN_POINT ( 'NONE',  ( 1.085301110418299908, 6.155048456326303707, 0.000000000000000000 ) ) ;
#630 = CARTESIAN_POINT ( 'NONE',  ( 1.614173228346457822, -4.046259842519683403, -3.977250342891675228 ) ) ;
#631 = CARTESIAN_POINT ( 'NONE',  ( 5.304405598179650738, 3.062500000000061728, 0.1250000000000000000 ) ) ;
#632 = ORIENTED_EDGE ( 'NONE', *, *, #2452, .F. ) ;
#633 = CARTESIAN_POINT ( 'NONE',  ( 0.000000000000000000, -6.125000000000000000, 0.1250000000000000000 ) ) ;
#634 = CARTESIAN_POINT ( 'NONE',  ( -5.093826093294206103, 3.621523951498194283, -1.062500000000000000 ) ) ;
#635 = CARTESIAN_POINT ( 'NONE',  ( -5.304405598179672943, -3.062500000000024869, 0.006889763779527552021 ) ) ;
#636 = EDGE_CURVE ( 'NONE', #100, #655, #60, .T. ) ;
#637 = CARTESIAN_POINT ( 'NONE',  ( 0.1250000000000000000, 5.919940297218904135, 0.000000000000000000 ) ) ;
#638 = CARTESIAN_POINT ( 'NONE',  ( 0.06692913385826741723, -6.125000000000000000, -1.062500000000000000 ) ) ;
#639 = CARTESIAN_POINT ( 'NONE',  ( 5.203704478124426380, -2.825381005631633968, 0.000000000000000000 ) ) ;
#640 = ORIENTED_EDGE ( 'NONE', *, *, #1436, .F. ) ;
#641 = CARTESIAN_POINT ( 'NONE',  ( -0.04167043503903410107, 6.000000000000002665, -1.062500000000002220 ) ) ;
#642 = VERTEX_POINT ( 'NONE', #540 ) ;
#643 = CARTESIAN_POINT ( 'NONE',  ( 1.407807218024483088E-14, 2.592858347305293660E-14, 0.000000000000000000 ) ) ;
#644 = EDGE_CURVE ( 'NONE', #442, #296, #148, .T. ) ;
#645 = ORIENTED_EDGE ( 'NONE', *, *, #754, .T. ) ;
#646 = CARTESIAN_POINT ( 'NONE',  ( 6.250000000000000000, 7.654042494670957606E-16, 0.000000000000000000 ) ) ;
#647 = DIRECTION ( 'NONE',  ( 1.000000000000000000, 0.000000000000000000, 0.000000000000000000 ) ) ;
#648 = B_SPLINE_CURVE_WITH_KNOTS ( 'NONE', 3,
 ( #436, #233, #2512, #2157 ),
 .UNSPECIFIED., .F., .F.,
 ( 4, 4 ),
 ( 3.780990888240849963E-17, 0.002978958985903978115 ),
 .UNSPECIFIED. ) ;
#649 = AXIS2_PLACEMENT_3D ( 'NONE', #735, #103, #692 ) ;
#650 = DIRECTION ( 'NONE',  ( 1.000000000000000000, 0.000000000000000000, 0.000000000000000000 ) ) ;
#651 = EDGE_CURVE ( 'NONE', #2086, #245, #709, .T. ) ;
#652 = VERTEX_POINT ( 'NONE', #2415 ) ;
#653 = AXIS2_PLACEMENT_3D ( 'NONE', #1726, #1060, #647 ) ;
#654 = DIRECTION ( 'NONE',  ( -0.000000000000000000, -0.000000000000000000, 1.000000000000000000 ) ) ;
#655 = VERTEX_POINT ( 'NONE', #286 ) ;
#656 = EDGE_CURVE ( 'NONE', #256, #2105, #2003, .T. ) ;
#657 = CIRCLE ( 'NONE', #2046, 0.1181102362204725503 ) ;
#658 = DIRECTION ( 'NONE',  ( 0.1736481776669268062, 0.9848077530122085754, 0.000000000000000000 ) ) ;
#659 = VECTOR ( 'NONE', #1495, 39.37007874015747433 ) ;
#660 = EDGE_CURVE ( 'NONE', #795, #1980, #1464, .T. ) ;
#661 = VECTOR ( 'NONE', #2411, 39.37007874015748143 ) ;
#662 = EDGE_LOOP ( 'NONE', ( #2432, #2694, #334, #2020 ) ) ;
#663 = CARTESIAN_POINT ( 'NONE',  ( 1.020614897685295563, 5.859277067064610378, -0.02622955725494643606 ) ) ;
#664 = DIRECTION ( 'NONE',  ( -0.000000000000000000, -0.000000000000000000, 1.000000000000000000 ) ) ;
#665 = CARTESIAN_POINT ( 'NONE',  ( -5.304405598179672943, -3.062500000000024869, 0.006889763779527552021 ) ) ;
#666 = DIRECTION ( 'NONE',  ( -0.000000000000000000, -0.000000000000000000, 1.000000000000000000 ) ) ;
#667 = DIRECTION ( 'NONE',  ( -0.000000000000000000, -0.000000000000000000, 1.000000000000000000 ) ) ;
#668 = VERTEX_POINT ( 'NONE', #1416 ) ;
#669 = CARTESIAN_POINT ( 'NONE',  ( -5.304405598179672943, -3.062500000000024869, -1.062500000000000000 ) ) ;
#670 = EDGE_LOOP ( 'NONE', ( #1430, #604, #2346, #1056 ) ) ;
#671 = EDGE_CURVE ( 'NONE', #795, #462, #2720, .T. ) ;
#672 = PRODUCT_DEFINITION_CONTEXT ( 'detailed design', #2290, 'design' ) ;
#673 = CARTESIAN_POINT ( 'NONE',  ( 5.093826093294157253, 3.621523951498264449, -1.062500000000000000 ) ) ;
#674 = FACE_BOUND ( 'NONE', #2590, .T. ) ;
#675 = DIRECTION ( 'NONE',  ( -0.000000000000000000, -0.000000000000000000, 1.000000000000000000 ) ) ;
#676 = ORIENTED_EDGE ( 'NONE', *, *, #305, .T. ) ;
#677 = DIRECTION ( 'NONE',  ( -0.000000000000000000, -0.000000000000000000, 1.000000000000000000 ) ) ;
#678 = ORIENTED_EDGE ( 'NONE', *, *, #1767, .T. ) ;
#679 = EDGE_CURVE ( 'NONE', #942, #2249, #1738, .T. ) ;
#680 = DIMENSIONAL_EXPONENTS ( 1.000000000000000000, 0.000000000000000000, 0.000000000000000000, 0.000000000000000000, 0.000000000000000000, 0.000000000000000000, 0.000000000000000000 ) ;
#681 = ORIENTED_EDGE ( 'NONE', *, *, #287, .T. ) ;
#682 = EDGE_CURVE ( 'NONE', #2689, #655, #285, .T. ) ;
#683 = CYLINDRICAL_SURFACE ( 'NONE', #740, 0.1181102362204725503 ) ;
#684 = CARTESIAN_POINT ( 'NONE',  ( 4.718604930852024815, 3.709265739026977649, -0.4071465513891712185 ) ) ;
#685 = EDGE_CURVE ( 'NONE', #1113, #1110, #1448, .T. ) ;
#686 = ORIENTED_EDGE ( 'NONE', *, *, #1677, .T. ) ;
#687 = APPLICATION_PROTOCOL_DEFINITION ( 'draft international standard', 'automotive_design', 1998, #2686 ) ;
#688 = DIRECTION ( 'NONE',  ( 1.000000000000000000, 0.000000000000000000, 0.000000000000000000 ) ) ;
#689 = ORIENTED_EDGE ( 'NONE', *, *, #51, .F. ) ;
#690 = AXIS2_PLACEMENT_3D ( 'NONE', #2358, #1289, #460 ) ;
#691 = AXIS2_PLACEMENT_3D ( 'NONE', #995, #772, #1656 ) ;
#692 = DIRECTION ( 'NONE',  ( -1.000000000000000000, 0.000000000000000000, 0.000000000000000000 ) ) ;
#693 = AXIS2_PLACEMENT_3D ( 'NONE', #267, #2429, #2634 ) ;
#694 = FACE_OUTER_BOUND ( 'NONE', #229, .T. ) ;
#695 = EDGE_LOOP ( 'NONE', ( #349, #2052, #686, #997 ) ) ;
#696 = AXIS2_PLACEMENT_3D ( 'NONE', #965, #2465, #1654 ) ;
#697 = ADVANCED_FACE ( 'NONE', ( #2480, #767 ), #1869, .F. ) ;
#698 = PLANE ( 'NONE',  #2569 ) ;
#699 = DIRECTION ( 'NONE',  ( 1.000000000000000000, 0.000000000000000000, 0.000000000000000000 ) ) ;
#700 = DIRECTION ( 'NONE',  ( 0.5000000000000039968, -0.8660254037844363761, 0.000000000000000000 ) ) ;
#701 = VECTOR ( 'NONE', #175, 39.37007874015748143 ) ;
#702 = ORIENTED_EDGE ( 'NONE', *, *, #2063, .F. ) ;
#703 = EDGE_CURVE ( 'NONE', #1999, #549, #734, .T. ) ;
#704 = CARTESIAN_POINT ( 'NONE',  ( -5.237476464321406233, -3.062500000000024869, -1.062500000000000000 ) ) ;
#705 = ORIENTED_EDGE ( 'NONE', *, *, #187, .T. ) ;
#706 =( BOUNDED_CURVE ( )  B_SPLINE_CURVE ( 3, ( #279, #268, #595, #1244 ),
 .UNSPECIFIED., .F., .T. ) 
 B_SPLINE_CURVE_WITH_KNOTS ( ( 4, 4 ),
 ( 4.712388980384689674, 4.792474560418347629 ),
 .UNSPECIFIED. ) 
 CURVE ( )  GEOMETRIC_REPRESENTATION_ITEM ( )  RATIONAL_B_SPLINE_CURVE ( ( 1.000000000000000000, 0.9994655964012900684, 0.9994655964012900684, 1.000000000000000000 ) ) 
 REPRESENTATION_ITEM ( '' )  );
#707 = DIRECTION ( 'NONE',  ( 0.000000000000000000, 1.000000000000000000, 0.000000000000000000 ) ) ;
#708 = B_SPLINE_CURVE_WITH_KNOTS ( 'NONE', 3,
 ( #1076, #663, #1922, #1059 ),
 .UNSPECIFIED., .F., .F.,
 ( 4, 4 ),
 ( 0.000000000000000000, 0.002978958985904176741 ),
 .UNSPECIFIED. ) ;
#709 = LINE ( 'NONE', #2237, #1512 ) ;
#710 = FACE_BOUND ( 'NONE', #1385, .T. ) ;
#711 = ORIENTED_EDGE ( 'NONE', *, *, #314, .F. ) ;
#712 = DIRECTION ( 'NONE',  ( 0.8526401643540969522, -0.5224985647159412494, 0.000000000000000000 ) ) ;
#713 = DIRECTION ( 'NONE',  ( -0.8526401643540968411, 0.5224985647159412494, 0.000000000000000000 ) ) ;
#714 = VERTEX_POINT ( 'NONE', #1237 ) ;
#715 = LINE ( 'NONE', #297, #2146 ) ;
#716 = ORIENTED_EDGE ( 'NONE', *, *, #1861, .F. ) ;
#717 = EDGE_CURVE ( 'NONE', #100, #1319, #1598, .T. ) ;
#718 = CARTESIAN_POINT ( 'NONE',  ( 4.901673400653563384, 3.460288697973818106, -1.062500000000000000 ) ) ;
#719 = EDGE_CURVE ( 'NONE', #2281, #556, #2428, .T. ) ;
#720 = CARTESIAN_POINT ( 'NONE',  ( 0.000000000000000000, 0.000000000000000000, 0.1250000000000000000 ) ) ;
#721 = DIRECTION ( 'NONE',  ( -0.000000000000000000, -0.000000000000000000, 1.000000000000000000 ) ) ;
#722 = ORIENTED_EDGE ( 'NONE', *, *, #358, .T. ) ;
#723 = CARTESIAN_POINT ( 'NONE',  ( 0.06692913385826779193, -6.125000000000000000, 0.006889763779527552021 ) ) ;
#724 = DIRECTION ( 'NONE',  ( 0.000000000000000000, 0.000000000000000000, 1.000000000000000000 ) ) ;
#725 = DIRECTION ( 'NONE',  ( 0.000000000000000000, 0.000000000000000000, 1.000000000000000000 ) ) ;
#726 = ORIENTED_EDGE ( 'NONE', *, *, #2703, .T. ) ;
#727 = CARTESIAN_POINT ( 'NONE',  ( -1.712598425196850682, -4.046259842519684291, -3.977250342891675228 ) ) ;
#728 = ORIENTED_EDGE ( 'NONE', *, *, #577, .T. ) ;
#729 = ADVANCED_FACE ( 'NONE', ( #2687 ), #1203, .F. ) ;
#730 = CARTESIAN_POINT ( 'NONE',  ( 0.000000000000000000, 0.000000000000000000, -1.062500000000000000 ) ) ;
#731 = VECTOR ( 'NONE', #2545, 39.37007874015748143 ) ;
#732 = CARTESIAN_POINT ( 'NONE',  ( 0.06692913385826741723, 6.125000000000000000, -1.062500000000000000 ) ) ;
#733 = ADVANCED_FACE ( 'NONE', ( #2279 ), #781, .F. ) ;
#734 = CIRCLE ( 'NONE', #2308, 0.06250000000000000000 ) ;
#735 = CARTESIAN_POINT ( 'NONE',  ( 0.000000000000000000, 0.000000000000000000, -0.07874015748031612527 ) ) ;
#736 = AXIS2_PLACEMENT_3D ( 'NONE', #2663, #2065, #1650 ) ;
#737 = ADVANCED_FACE ( 'NONE', ( #1217 ), #813, .F. ) ;
#738 = FACE_OUTER_BOUND ( 'NONE', #1450, .T. ) ;
#739 = ORIENTED_EDGE ( 'NONE', *, *, #1645, .T. ) ;
#740 = AXIS2_PLACEMENT_3D ( 'NONE', #463, #84, #940 ) ;
#741 = ORIENTED_EDGE ( 'NONE', *, *, #1107, .T. ) ;
#742 = CARTESIAN_POINT ( 'NONE',  ( 0.000000000000000000, 5.075000000000000178, -1.062500000000000000 ) ) ;
#743 = VECTOR ( 'NONE', #1127, 39.37007874015748143 ) ;
#744 = VECTOR ( 'NONE', #419, 39.37007874015748854 ) ;
#745 = ORIENTED_EDGE ( 'NONE', *, *, #2302, .F. ) ;
#746 = CARTESIAN_POINT ( 'NONE',  ( -5.237476464321425773, 3.062499999999988010, 0.006889763779527552021 ) ) ;
#747 = VERTEX_POINT ( 'NONE', #142 ) ;
#748 = VERTEX_POINT ( 'NONE', #2706 ) ;
#749 = DIRECTION ( 'NONE',  ( 1.000000000000000000, 0.000000000000000000, 0.000000000000000000 ) ) ;
#750 = B_SPLINE_CURVE_WITH_KNOTS ( 'NONE', 3,
 ( #26, #1508, #1322, #2551 ),
 .UNSPECIFIED., .F., .F.,
 ( 4, 4 ),
 ( 0.000000000000000000, 0.002978958985904003702 ),
 .UNSPECIFIED. ) ;
#751 =( BOUNDED_CURVE ( )  B_SPLINE_CURVE ( 3, ( #1791, #2241, #2446, #535 ),
 .UNSPECIFIED., .F., .T. ) 
 B_SPLINE_CURVE_WITH_KNOTS ( ( 4, 4 ),
 ( 4.712388980384689674, 4.792474560418347629 ),
 .UNSPECIFIED. ) 
 CURVE ( )  GEOMETRIC_REPRESENTATION_ITEM ( )  RATIONAL_B_SPLINE_CURVE ( ( 1.000000000000000000, 0.9994655964012900684, 0.9994655964012900684, 1.000000000000000000 ) ) 
 REPRESENTATION_ITEM ( '' )  );
#752 = ORIENTED_EDGE ( 'NONE', *, *, #1844, .T. ) ;
#754 = EDGE_CURVE ( 'NONE', #1737, #2132, #2520, .T. ) ;
#753 = FACE_BOUND ( 'NONE', #1168, .T. ) ;
#755 = EDGE_LOOP ( 'NONE', ( #1730, #2074, #2690, #1206 ) ) ;
#756 = EDGE_LOOP ( 'NONE', ( #1384, #1507, #102, #1407 ) ) ;
#757 = LINE ( 'NONE', #1189, #2750 ) ;
#758 = CARTESIAN_POINT ( 'NONE',  ( -4.535948198625776584, 3.806112460506100525, 0.000000000000000000 ) ) ;
#759 = CARTESIAN_POINT ( 'NONE',  ( 0.000000000000000000, 0.000000000000000000, -1.062500000000000000 ) ) ;
#760 = EDGE_CURVE ( 'NONE', #2748, #2066, #1330, .T. ) ;
#761 = ORIENTED_EDGE ( 'NONE', *, *, #1569, .F. ) ;
#762 = DIRECTION ( 'NONE',  ( 0.1736481776669268062, 0.9848077530122085754, 0.000000000000000000 ) ) ;
#763 = VERTEX_POINT ( 'NONE', #1462 ) ;
#764 = LINE ( 'NONE', #2684, #1303 ) ;
#765 = DIRECTION ( 'NONE',  ( 1.000000000000000000, 0.000000000000000000, 0.000000000000000000 ) ) ;
#766 = ORIENTED_EDGE ( 'NONE', *, *, #2556, .T. ) ;
#767 = FACE_OUTER_BOUND ( 'NONE', #2076, .T. ) ;
#768 = ORIENTED_EDGE ( 'NONE', *, *, #1773, .T. ) ;
#769 = CARTESIAN_POINT ( 'NONE',  ( -4.619996984135837259, 3.828266953410614182, -0.07874015748031619466 ) ) ;
#770 =( NAMED_UNIT ( * ) PLANE_ANGLE_UNIT ( ) SI_UNIT ( $, .RADIAN. ) );
#771 = EDGE_CURVE ( 'NONE', #351, #2235, #2606, .T. ) ;
#772 = DIRECTION ( 'NONE',  ( -0.000000000000000000, -0.000000000000000000, 1.000000000000000000 ) ) ;
#773 = ORIENTED_EDGE ( 'NONE', *, *, #679, .F. ) ;
#774 = ORIENTED_EDGE ( 'NONE', *, *, #1601, .T. ) ;
#775 = DIRECTION ( 'NONE',  ( 1.000000000000000000, 0.000000000000000000, 0.000000000000000000 ) ) ;
#776 = EDGE_CURVE ( 'NONE', #113, #848, #2523, .T. ) ;
#777 = EDGE_LOOP ( 'NONE', ( #1470, #1286, #43, #2700 ) ) ;
#778 = FACE_OUTER_BOUND ( 'NONE', #519, .T. ) ;
#779 = CARTESIAN_POINT ( 'NONE',  ( -0.1181102362204724532, 6.125000000000000000, 0.1250000000000000000 ) ) ;
#780 = VECTOR ( 'NONE', #713, 39.37007874015748143 ) ;
#781 = CYLINDRICAL_SURFACE ( 'NONE', #508, 0.1181102362204724532 ) ;
#782 = CIRCLE ( 'NONE', #1370, 6.250000000000001776 ) ;
#783 = DIRECTION ( 'NONE',  ( 0.4999999999999919509, 0.8660254037844431485, 0.000000000000000000 ) ) ;
#784 = VERTEX_POINT ( 'NONE', #1192 ) ;
#785 = ORIENTED_EDGE ( 'NONE', *, *, #2452, .T. ) ;
#786 = AXIS2_PLACEMENT_3D ( 'NONE', #1634, #1220, #2248 ) ;
#787 = PLANE ( 'NONE',  #477 ) ;
#788 = CARTESIAN_POINT ( 'NONE',  ( 5.625374926189947722, 2.086901276963872842, -0.07874015748031830408 ) ) ;
#789 = DIRECTION ( 'NONE',  ( -1.000000000000000000, 0.000000000000000000, 0.000000000000000000 ) ) ;
#790 = ORIENTED_EDGE ( 'NONE', *, *, #2296, .F. ) ;
#791 = ADVANCED_FACE ( 'NONE', ( #805 ), #2723, .T. ) ;
#792 = AXIS2_PLACEMENT_3D ( 'NONE', #316, #2601, #688 ) ;
#793 = CARTESIAN_POINT ( 'NONE',  ( -0.1250000000000000000, 5.500000000000000888, 0.000000000000000000 ) ) ;
#794 = CIRCLE ( 'NONE', #844, 5.921259842519683403 ) ;
#795 = VERTEX_POINT ( 'NONE', #2513 ) ;
#796 = CARTESIAN_POINT ( 'NONE',  ( 0.000000000000000000, 6.125000000000000000, -1.062500000000000000 ) ) ;
#797 = ORIENTED_EDGE ( 'NONE', *, *, #234, .T. ) ;
#798 = AXIS2_PLACEMENT_3D ( 'NONE', #2035, #345, #149 ) ;
#799 = AXIS2_PLACEMENT_3D ( 'NONE', #550, #1807, #946 ) ;
#800 = CARTESIAN_POINT ( 'NONE',  ( 0.000000000000000000, 0.000000000000000000, 0.000000000000000000 ) ) ;
#801 = CARTESIAN_POINT ( 'NONE',  ( 0.000000000000000000, 0.000000000000000000, -0.07874015748031612527 ) ) ;
#802 = VERTEX_POINT ( 'NONE', #2285 ) ;
#803 = EDGE_LOOP ( 'NONE', ( #1367, #2031, #2664, #1932 ) ) ;
#804 = DIRECTION ( 'NONE',  ( -0.000000000000000000, -0.000000000000000000, 1.000000000000000000 ) ) ;
#805 = FACE_OUTER_BOUND ( 'NONE', #2483, .T. ) ;
#806 = FACE_OUTER_BOUND ( 'NONE', #1595, .T. ) ;
#807 = ORIENTED_EDGE ( 'NONE', *, *, #2338, .T. ) ;
#808 = DIRECTION ( 'NONE',  ( -0.000000000000000000, -1.000000000000000000, -0.000000000000000000 ) ) ;
#809 = EDGE_CURVE ( 'NONE', #2295, #2463, #1693, .T. ) ;
#810 = EDGE_LOOP ( 'NONE', ( #2695, #722, #676, #1708 ) ) ;
#811 = CARTESIAN_POINT ( 'NONE',  ( 1.614173228346456490, -1.979330708661416915, 0.1250000000000000000 ) ) ;
#812 = EDGE_CURVE ( 'NONE', #1847, #1177, #2113, .T. ) ;
#813 = CYLINDRICAL_SURFACE ( 'NONE', #1182, 0.1181102362204725503 ) ;
#814 = DIRECTION ( 'NONE',  ( 1.000000000000000000, 0.000000000000000000, 0.000000000000000000 ) ) ;
#815 = CARTESIAN_POINT ( 'NONE',  ( -6.250000000000000000, 0.000000000000000000, 0.1250000000000000000 ) ) ;
#816 = EDGE_CURVE ( 'NONE', #93, #232, #563, .T. ) ;
#817 = ORIENTED_EDGE ( 'NONE', *, *, #509, .T. ) ;
#818 = DIRECTION ( 'NONE',  ( -1.000000000000000000, -0.000000000000000000, -0.000000000000000000 ) ) ;
#819 = DIRECTION ( 'NONE',  ( -0.7660444431189727954, -0.6427876096865454691, 0.000000000000000000 ) ) ;
#820 = CARTESIAN_POINT ( 'NONE',  ( -5.093826093294181234, -3.621523951498230254, -1.062500000000000000 ) ) ;
#821 = DIRECTION ( 'NONE',  ( -0.000000000000000000, -0.000000000000000000, 1.000000000000000000 ) ) ;
#822 = ORIENTED_EDGE ( 'NONE', *, *, #2409, .F. ) ;
#823 = CARTESIAN_POINT ( 'NONE',  ( 0.06250000000000000000, 0.000000000000000000, 0.000000000000000000 ) ) ;
#824 = CARTESIAN_POINT ( 'NONE',  ( -5.625374926189964597, -2.086901276963833318, -0.07874015748031631956 ) ) ;
#825 = DIRECTION ( 'NONE',  ( 0.000000000000000000, 0.000000000000000000, 1.000000000000000000 ) ) ;
#826 = EDGE_CURVE ( 'NONE', #1941, #1685, #1061, .T. ) ;
#827 = CARTESIAN_POINT ( 'NONE',  ( 0.000000000000000000, 0.000000000000000000, -0.07874015748031394646 ) ) ;
#828 = AXIS2_PLACEMENT_3D ( 'NONE', #2273, #350, #2075 ) ;
#829 = ORIENTED_EDGE ( 'NONE', *, *, #1134, .T. ) ;
#830 = ADVANCED_FACE ( 'NONE', ( #235 ), #2158, .T. ) ;
#831 = PRESENTATION_LAYER_ASSIGNMENT (  '', '', ( #1815 ) ) ;
#832 = DIRECTION ( 'NONE',  ( 0.000000000000000000, 0.000000000000000000, 1.000000000000000000 ) ) ;
#833 = CARTESIAN_POINT ( 'NONE',  ( 1.085301110418299686, 6.155048456326303707, 0.000000000000000000 ) ) ;
#834 = VECTOR ( 'NONE', #1698, 39.37007874015748143 ) ;
#835 = CARTESIAN_POINT ( 'NONE',  ( -1.085301110418299686, 6.155048456326303707, 0.000000000000000000 ) ) ;
#836 = CARTESIAN_POINT ( 'NONE',  ( -1.614173228346456712, -4.046259842519684291, 0.07500000000000014988 ) ) ;
#837 = CARTESIAN_POINT ( 'NONE',  ( 1.028215981145904179, -5.831302600513233791, 0.000000000000000000 ) ) ;
#838 = AXIS2_PLACEMENT_3D ( 'NONE', #1119, #49, #253 ) ;
#839 = AXIS2_PLACEMENT_3D ( 'NONE', #1435, #338, #2619 ) ;
#840 = ORIENTED_EDGE ( 'NONE', *, *, #1551, .T. ) ;
#841 = LINE ( 'NONE', #396, #931 ) ;
#842 = CARTESIAN_POINT ( 'NONE',  ( -5.564164179771666774, -2.025190140007149253, 0.000000000000000000 ) ) ;
#843 = ORIENTED_EDGE ( 'NONE', *, *, #2224, .F. ) ;
#844 = AXIS2_PLACEMENT_3D ( 'NONE', #2494, #1035, #2521 ) ;
#845 = VECTOR ( 'NONE', #849, 39.37007874015748143 ) ;
#846 = PLANE ( 'NONE',  #1519 ) ;
#847 = EDGE_CURVE ( 'NONE', #93, #2561, #2212, .T. ) ;
#848 = VERTEX_POINT ( 'NONE', #1923 ) ;
#849 = DIRECTION ( 'NONE',  ( 0.000000000000000000, 0.000000000000000000, 1.000000000000000000 ) ) ;
#850 = CARTESIAN_POINT ( 'NONE',  ( -4.895052311573710568, 3.889577739623015340, -0.3546403174002196179 ) ) ;
#851 = FACE_OUTER_BOUND ( 'NONE', #2282, .T. ) ;
#852 = CARTESIAN_POINT ( 'NONE',  ( -1.028215981145904401, -5.831302600513233791, 0.000000000000000000 ) ) ;
#853 = DIRECTION ( 'NONE',  ( 0.000000000000000000, 0.000000000000000000, 1.000000000000000000 ) ) ;
#854 = DIRECTION ( 'NONE',  ( -0.000000000000000000, -0.000000000000000000, 1.000000000000000000 ) ) ;
#855 = EDGE_CURVE ( 'NONE', #2745, #2448, #1740, .T. ) ;
#856 = EDGE_LOOP ( 'NONE', ( #1751, #2667 ) ) ;
#857 =( LENGTH_UNIT ( ) NAMED_UNIT ( * ) SI_UNIT ( $, .METRE. ) );
#858 = DIRECTION ( 'NONE',  ( -0.000000000000000000, -0.000000000000000000, -1.000000000000000000 ) ) ;
#859 = VERTEX_POINT ( 'NONE', #875 ) ;
#860 = DIRECTION ( 'NONE',  ( 0.8910724729979849768, -0.1571201187561565848, -0.4257970363298769767 ) ) ;
#861 = CARTESIAN_POINT ( 'NONE',  ( -0.06692913385826759765, -6.125000000000000000, 0.1250000000000000000 ) ) ;
#862 = EDGE_LOOP ( 'NONE', ( #971, #1996, #807, #1790, #1198 ) ) ;
#863 = DIRECTION ( 'NONE',  ( -0.5000000000000101030, 0.8660254037844328234, 0.000000000000000000 ) ) ;
#864 = EDGE_CURVE ( 'NONE', #944, #2654, #586, .T. ) ;
#865 = DIRECTION ( 'NONE',  ( 0.000000000000000000, 0.000000000000000000, 1.000000000000000000 ) ) ;
#866 = FACE_OUTER_BOUND ( 'NONE', #2737, .T. ) ;
#867 = CARTESIAN_POINT ( 'NONE',  ( 1.614173228346456490, -1.979330708661416915, 0.1250000000000000000 ) ) ;
#868 = DIRECTION ( 'NONE',  ( 1.000000000000000000, 0.000000000000000000, 0.000000000000000000 ) ) ;
#869 = CARTESIAN_POINT ( 'NONE',  ( 0.5894186957641506242, -6.222144775001921424, -1.062500000000000000 ) ) ;
#870 = ORIENTED_EDGE ( 'NONE', *, *, #2731, .T. ) ;
#871 = EDGE_CURVE ( 'NONE', #351, #2681, #1484, .T. ) ;
#872 = VERTEX_POINT ( 'NONE', #673 ) ;
#873 = ORIENTED_EDGE ( 'NONE', *, *, #2160, .F. ) ;
#874 = CARTESIAN_POINT ( 'NONE',  ( 5.329001027213106312, -3.265616029474636139, -1.062500000000000000 ) ) ;
#875 = CARTESIAN_POINT ( 'NONE',  ( -1.005377942054139551, -5.915168230374432845, -0.07874015748032273110 ) ) ;
#876 = VECTOR ( 'NONE', #1518, 39.37007874015748143 ) ;
#877 = CARTESIAN_POINT ( 'NONE',  ( -5.467145653052598142, -2.521967170347006792, -1.062500000000000000 ) ) ;
#878 = DIRECTION ( 'NONE',  ( 1.000000000000000000, 0.000000000000000000, 0.000000000000000000 ) ) ;
#879 = AXIS2_PLACEMENT_3D ( 'NONE', #2585, #215, #2144 ) ;
#880 = EDGE_CURVE ( 'NONE', #2132, #1227, #1372, .T. ) ;
#881 = ORIENTED_EDGE ( 'NONE', *, *, #433, .T. ) ;
#882 = CIRCLE ( 'NONE', #653, 0.06692913385826690376 ) ;
#883 = LINE ( 'NONE', #2539, #659 ) ;
#884 = EDGE_LOOP ( 'NONE', ( #2204, #1835 ) ) ;
#885 = CIRCLE ( 'NONE', #1699, 0.06692913385826800010 ) ;
#886 = VERTEX_POINT ( 'NONE', #2380 ) ;
#887 = AXIS2_PLACEMENT_3D ( 'NONE', #631, #2337, #2366 ) ;
#888 = AXIS2_PLACEMENT_3D ( 'NONE', #1356, #87, #484 ) ;
#889 = EDGE_LOOP ( 'NONE', ( #870, #528 ) ) ;
#890 = AXIS2_PLACEMENT_3D ( 'NONE', #2727, #427, #1297 ) ;
#891 = DIRECTION ( 'NONE',  ( 1.000000000000000000, 0.000000000000000000, -0.000000000000000000 ) ) ;
#892 = LINE ( 'NONE', #1718, #876 ) ;
#893 = ORIENTED_EDGE ( 'NONE', *, *, #1645, .F. ) ;
#894 = VERTEX_POINT ( 'NONE', #1500 ) ;
#895 = EDGE_CURVE ( 'NONE', #1853, #1426, #1918, .T. ) ;
#896 = CARTESIAN_POINT ( 'NONE',  ( -4.901673400653586476, -3.460288697973785244, -1.062500000000000000 ) ) ;
#897 = EDGE_CURVE ( 'NONE', #2382, #894, #1042, .T. ) ;
#898 = EDGE_LOOP ( 'NONE', ( #1451, #1895, #1695, #1585 ) ) ;
#899 = EDGE_CURVE ( 'NONE', #2729, #2568, #2469, .T. ) ;
#900 = DIRECTION ( 'NONE',  ( -0.000000000000000000, -0.000000000000000000, 1.000000000000000000 ) ) ;
#901 = ORIENTED_EDGE ( 'NONE', *, *, #754, .F. ) ;
#902 = CARTESIAN_POINT ( 'NONE',  ( 0.000000000000000000, 6.125000000000000000, -1.062500000000000000 ) ) ;
#903 = CARTESIAN_POINT ( 'NONE',  ( -5.683244789058336188, -2.600620823503740464, -1.062500000000000000 ) ) ;
#904 = DIMENSIONAL_EXPONENTS ( 1.000000000000000000, 0.000000000000000000, 0.000000000000000000, 0.000000000000000000, 0.000000000000000000, 0.000000000000000000, 0.000000000000000000 ) ;
#905 = ORIENTED_EDGE ( 'NONE', *, *, #1302, .F. ) ;
#906 = CARTESIAN_POINT ( 'NONE',  ( 1.614173228346457822, -4.046259842519683403, 0.07500000000000014988 ) ) ;
#907 =( BOUNDED_CURVE ( )  B_SPLINE_CURVE ( 3, ( #2104, #1892, #2288, #379 ),
 .UNSPECIFIED., .F., .T. ) 
 B_SPLINE_CURVE_WITH_KNOTS ( ( 4, 4 ),
 ( 1.576972064677566676, 1.654226413405511131 ),
 .UNSPECIFIED. ) 
 CURVE ( )  GEOMETRIC_REPRESENTATION_ITEM ( )  RATIONAL_B_SPLINE_CURVE ( ( 1.000000000000000000, 0.9995027089704446865, 0.9995027089704446865, 1.000000000000000000 ) ) 
 REPRESENTATION_ITEM ( '' )  );
#908 = ADVANCED_FACE ( 'NONE', ( #225 ), #1947, .F. ) ;
#909 = DIRECTION ( 'NONE',  ( 1.000000000000000000, 0.000000000000000000, 0.000000000000000000 ) ) ;
#910 = ORIENTED_EDGE ( 'NONE', *, *, #264, .T. ) ;
#911 = EDGE_CURVE ( 'NONE', #2234, #1352, #1414, .T. ) ;
#912 = CARTESIAN_POINT ( 'NONE',  ( 5.467145653052582155, 2.521967170347044984, -1.062500000000000000 ) ) ;
#913 = LINE ( 'NONE', #1593, #2305 ) ;
#914 = AXIS2_PLACEMENT_3D ( 'NONE', #720, #1373, #1160 ) ;
#915 = VERTEX_POINT ( 'NONE', #1351 ) ;
#916 = APPLICATION_PROTOCOL_DEFINITION ( 'draft international standard', 'automotive_design', 1998, #2290 ) ;
#917 = DIRECTION ( 'NONE',  ( -0.000000000000000000, -0.000000000000000000, 1.000000000000000000 ) ) ;
#918 = ORIENTED_EDGE ( 'NONE', *, *, #1016, .T. ) ;
#919 = AXIS2_PLACEMENT_3D ( 'NONE', #2507, #825, #618 ) ;
#920 = AXIS2_PLACEMENT_3D ( 'NONE', #1131, #948, #2200 ) ;
#921 = DIRECTION ( 'NONE',  ( 0.000000000000000000, 0.000000000000000000, 1.000000000000000000 ) ) ;
#922 = AXIS2_PLACEMENT_3D ( 'NONE', #836, #1489, #2332 ) ;
#923 = DIRECTION ( 'NONE',  ( 0.000000000000000000, 0.000000000000000000, -1.000000000000000000 ) ) ;
#924 = ADVANCED_FACE ( 'NONE', ( #498, #694 ), #62, .F. ) ;
#925 = CIRCLE ( 'NONE', #384, 0.1499999999999998557 ) ;
#926 = ORIENTED_EDGE ( 'NONE', *, *, #1118, .T. ) ;
#927 = ORIENTED_EDGE ( 'NONE', *, *, #187, .F. ) ;
#928 = CIRCLE ( 'NONE', #1876, 6.250000000000000000 ) ;
#929 = DIRECTION ( 'NONE',  ( -0.000000000000000000, -0.000000000000000000, 1.000000000000000000 ) ) ;
#930 = CARTESIAN_POINT ( 'NONE',  ( 0.5458612165466543154, 5.975118035007360717, -1.062500000000000000 ) ) ;
#931 = VECTOR ( 'NONE', #1255, 39.37007874015748143 ) ;
#932 = ORIENTED_EDGE ( 'NONE', *, *, #452, .T. ) ;
#933 = DIRECTION ( 'NONE',  ( 1.000000000000000000, 3.552713678800500929E-15, 0.000000000000000000 ) ) ;
#934 = ORIENTED_EDGE ( 'NONE', *, *, #2231, .T. ) ;
#935 = ADVANCED_FACE ( 'NONE', ( #2019 ), #1771, .F. ) ;
#936 = DIRECTION ( 'NONE',  ( -1.000000000000000000, 0.000000000000000000, -0.000000000000000000 ) ) ;
#937 = CARTESIAN_POINT ( 'NONE',  ( -5.237476464321426661, 3.062499999999988010, -1.062500000000000000 ) ) ;
#938 = ORIENTED_EDGE ( 'NONE', *, *, #1155, .T. ) ;
#939 = ORIENTED_EDGE ( 'NONE', *, *, #2368, .T. ) ;
#940 = DIRECTION ( 'NONE',  ( 1.000000000000000000, 0.000000000000000000, 0.000000000000000000 ) ) ;
#941 = CARTESIAN_POINT ( 'NONE',  ( -5.752687423922150600, -2.448864946921728958, -0.7089963532076473118 ) ) ;
#942 = VERTEX_POINT ( 'NONE', #1783 ) ;
#943 = CYLINDRICAL_SURFACE ( 'NONE', #888, 0.06692913385826800010 ) ;
#944 = VERTEX_POINT ( 'NONE', #2621 ) ;
#945 = EDGE_CURVE ( 'NONE', #1051, #2382, #2140, .T. ) ;
#946 = DIRECTION ( 'NONE',  ( -1.000000000000000000, 0.000000000000000000, 0.000000000000000000 ) ) ;
#947 = PLANE ( 'NONE',  #1736 ) ;
#948 = DIRECTION ( 'NONE',  ( -0.000000000000000000, -0.000000000000000000, 1.000000000000000000 ) ) ;
#949 = ORIENTED_EDGE ( 'NONE', *, *, #2440, .F. ) ;
#950 = DIRECTION ( 'NONE',  ( 0.7660444431189773473, 0.6427876096865401401, 0.000000000000000000 ) ) ;
#951 = DIRECTION ( 'NONE',  ( 1.000000000000000000, 0.000000000000000000, 0.000000000000000000 ) ) ;
#952 = EDGE_LOOP ( 'NONE', ( #1296, #2374, #1833, #705 ) ) ;
#953 = DIRECTION ( 'NONE',  ( 1.000000000000000000, -2.664535259100375697E-14, 0.000000000000000000 ) ) ;
#954 = ORIENTED_EDGE ( 'NONE', *, *, #685, .T. ) ;
#955 = CIRCLE ( 'NONE', #2207, 5.921259842519684291 ) ;
#956 = ADVANCED_FACE ( 'NONE', ( #1590 ), #1361, .F. ) ;
#957 = ORIENTED_EDGE ( 'NONE', *, *, #809, .F. ) ;
#958 = CARTESIAN_POINT ( 'NONE',  ( 5.304405598179650738, 3.062500000000061728, 0.006889763779527552021 ) ) ;
#959 = AXIS2_PLACEMENT_3D ( 'NONE', #424, #1329, #1293 ) ;
#960 = CARTESIAN_POINT ( 'NONE',  ( 0.1250000000000000000, 6.000000000000000888, -1.062500000000000000 ) ) ;
#961 = CARTESIAN_POINT ( 'NONE',  ( 0.000000000000000000, 0.000000000000000000, -1.062500000000000000 ) ) ;
#962 = EDGE_LOOP ( 'NONE', ( #534, #938, #1620, #1904 ) ) ;
#963 = AXIS2_PLACEMENT_3D ( 'NONE', #2755, #1544, #2558 ) ;
#964 = ORIENTED_EDGE ( 'NONE', *, *, #287, .F. ) ;
#965 = CARTESIAN_POINT ( 'NONE',  ( 5.304405598179714687, -3.062499999999950706, 0.1250000000000000000 ) ) ;
#966 = DIRECTION ( 'NONE',  ( 0.000000000000000000, 0.000000000000000000, 1.000000000000000000 ) ) ;
#967 = VECTOR ( 'NONE', #2163, 39.37007874015748143 ) ;
#968 = CARTESIAN_POINT ( 'NONE',  ( 5.492606954137320585, -2.982242251622488904, 1.146989288759872050 ) ) ;
#969 = DIRECTION ( 'NONE',  ( 1.000000000000000000, 0.000000000000000000, 0.000000000000000000 ) ) ;
#970 = VECTOR ( 'NONE', #2570, 39.37007874015748143 ) ;
#971 = ORIENTED_EDGE ( 'NONE', *, *, #880, .F. ) ;
#972 = LINE ( 'NONE', #1142, #2250 ) ;
#973 = ORIENTED_EDGE ( 'NONE', *, *, #2556, .F. ) ;
#974 = DIRECTION ( 'NONE',  ( 1.000000000000000000, 0.000000000000000000, 0.000000000000000000 ) ) ;
#975 = ORIENTED_EDGE ( 'NONE', *, *, #301, .F. ) ;
#976 = DIRECTION ( 'NONE',  ( 0.000000000000000000, 0.000000000000000000, -1.000000000000000000 ) ) ;
#977 = ADVANCED_FACE ( 'NONE', ( #2631, #710 ), #91, .F. ) ;
#978 = ORIENTED_EDGE ( 'NONE', *, *, #2338, .F. ) ;
#979 = EDGE_LOOP ( 'NONE', ( #402, #881, #2272, #822 ) ) ;
#980 = ADVANCED_FACE ( 'NONE', ( #2644 ), #1550, .F. ) ;
#981 = CARTESIAN_POINT ( 'NONE',  ( 1.712598425196850238, -2.077755905511810663, 0.07500000000000014988 ) ) ;
#982 = LENGTH_MEASURE_WITH_UNIT ( LENGTH_MEASURE( 0.02539999999999999897 ), #2036 );
#983 = DIRECTION ( 'NONE',  ( 1.000000000000000000, 0.000000000000000000, 0.000000000000000000 ) ) ;
#984 = ORIENTED_EDGE ( 'NONE', *, *, #899, .F. ) ;
#985 = EDGE_LOOP ( 'NONE', ( #2, #2089, #2632, #1867 ) ) ;
#986 = FACE_BOUND ( 'NONE', #499, .T. ) ;
#987 = VERTEX_POINT ( 'NONE', #2416 ) ;
#988 = CARTESIAN_POINT ( 'NONE',  ( 1.005377942054144880, -5.915168230374432845, -0.07874015748031609752 ) ) ;
#989 = CARTESIAN_POINT ( 'NONE',  ( 0.000000000000000000, 5.075000000000000178, 0.1250000000000000000 ) ) ;
#990 = DIRECTION ( 'NONE',  ( 0.000000000000000000, 0.000000000000000000, 1.000000000000000000 ) ) ;
#991 = ORIENTED_EDGE ( 'NONE', *, *, #1074, .F. ) ;
#992 = EDGE_CURVE ( 'NONE', #489, #1169, #782, .T. ) ;
#993 = VERTEX_POINT ( 'NONE', #937 ) ;
#994 = LINE ( 'NONE', #122, #199 ) ;
#995 = CARTESIAN_POINT ( 'NONE',  ( 0.000000000000000000, 0.000000000000000000, -1.062500000000000000 ) ) ;
#996 = ORIENTED_EDGE ( 'NONE', *, *, #771, .F. ) ;
#997 = ORIENTED_EDGE ( 'NONE', *, *, #895, .F. ) ;
#998 = PLANE ( 'NONE',  #1460 ) ;
#999 = ORIENTED_EDGE ( 'NONE', *, *, #96, .F. ) ;
#1000 = CARTESIAN_POINT ( 'NONE',  ( 5.304405598179650738, 3.062500000000061728, -1.062500000000000000 ) ) ;
#1001 = CARTESIAN_POINT ( 'NONE',  ( -5.604993563680602087, 2.066330499114413577, -0.05247649278301149550 ) ) ;
#1002 = ORIENTED_EDGE ( 'NONE', *, *, #992, .F. ) ;
#1003 = CIRCLE ( 'NONE', #1409, 0.06692913385826800010 ) ;
#1004 = AXIS2_PLACEMENT_3D ( 'NONE', #1173, #497, #1809 ) ;
#1005 = DIRECTION ( 'NONE',  ( 0.4999999999999920064, 0.8660254037844432595, 0.000000000000000000 ) ) ;
#1006 = DIRECTION ( 'NONE',  ( -0.000000000000000000, -0.000000000000000000, 1.000000000000000000 ) ) ;
#1007 = AXIS2_PLACEMENT_3D ( 'NONE', #2264, #2109, #1886 ) ;
#1008 = ORIENTED_EDGE ( 'NONE', *, *, #1176, .F. ) ;
#1009 = ORIENTED_EDGE ( 'NONE', *, *, #1719, .F. ) ;
#1010 = DIRECTION ( 'NONE',  ( 1.000000000000000000, 0.000000000000000000, 0.000000000000000000 ) ) ;
#1011 = FACE_OUTER_BOUND ( 'NONE', #1475, .T. ) ;
#1012 = AXIS2_PLACEMENT_3D ( 'NONE', #1592, #2181, #2022 ) ;
#1013 = CARTESIAN_POINT ( 'NONE',  ( -4.619996984135837259, 3.828266953410614182, -0.07874015748031619466 ) ) ;
#1014 = VERTEX_POINT ( 'NONE', #1796 ) ;
#1015 = AXIS2_PLACEMENT_3D ( 'NONE', #1754, #677, #1535 ) ;
#1016 = EDGE_CURVE ( 'NONE', #1279, #184, #1599, .T. ) ;
#1017 = ADVANCED_FACE ( 'NONE', ( #738 ), #2595, .F. ) ;
#1018 = CARTESIAN_POINT ( 'NONE',  ( -5.237476464321425773, 3.062499999999988010, 0.006889763779527552021 ) ) ;
#1019 = VECTOR ( 'NONE', #2527, 39.37007874015748143 ) ;
#1020 = ORIENTED_EDGE ( 'NONE', *, *, #2197, .T. ) ;
#1021 = DIRECTION ( 'NONE',  ( 0.000000000000000000, 0.000000000000000000, -1.000000000000000000 ) ) ;
#1022 = ADVANCED_FACE ( 'NONE', ( #2441 ), #527, .F. ) ;
#1023 = CYLINDRICAL_SURFACE ( 'NONE', #1375, 0.1181102362204724532 ) ;
#1024 = VERTEX_POINT ( 'NONE', #2406 ) ;
#1025 = DIRECTION ( 'NONE',  ( 1.000000000000000000, 0.000000000000000000, 0.000000000000000000 ) ) ;
#1026 = DIRECTION ( 'NONE',  ( 1.000000000000000000, 0.000000000000000000, 0.000000000000000000 ) ) ;
#1027 = EDGE_LOOP ( 'NONE', ( #2578, #2141, #1909, #132 ) ) ;
#1028 = CARTESIAN_POINT ( 'NONE',  ( -5.815999288294849023, 2.294450784865043058, -0.3546403174002282221 ) ) ;
#1029 = LINE ( 'NONE', #2713, #1332 ) ;
#1030 = ADVANCED_FACE ( 'NONE', ( #1112 ), #1971, .F. ) ;
#1031 = CARTESIAN_POINT ( 'NONE',  ( 0.000000000000000000, 6.125000000000000000, 0.1250000000000000000 ) ) ;
#1032 = EDGE_CURVE ( 'NONE', #1177, #2448, #1962, .T. ) ;
#1033 = VERTEX_POINT ( 'NONE', #815 ) ;
#1034 = DIRECTION ( 'NONE',  ( -0.000000000000000000, -0.000000000000000000, 1.000000000000000000 ) ) ;
#1035 = DIRECTION ( 'NONE',  ( -0.000000000000000000, -0.000000000000000000, -1.000000000000000000 ) ) ;
#1036 = ORIENTED_EDGE ( 'NONE', *, *, #2015, .T. ) ;
#1037 = ADVANCED_FACE ( 'NONE', ( #1667 ), #1417, .F. ) ;
#1038 = DIRECTION ( 'NONE',  ( 1.000000000000000000, 0.000000000000000000, 0.000000000000000000 ) ) ;
#1039 = DIRECTION ( 'NONE',  ( -0.000000000000000000, -0.000000000000000000, -1.000000000000000000 ) ) ;
#1040 = ORIENTED_EDGE ( 'NONE', *, *, #131, .F. ) ;
#1041 = LINE ( 'NONE', #1260, #744 ) ;
#1042 = LINE ( 'NONE', #4, #1239 ) ;
#1043 =( BOUNDED_CURVE ( )  B_SPLINE_CURVE ( 3, ( #1717, #393, #1531, #835 ),
 .UNSPECIFIED., .F., .T. ) 
 B_SPLINE_CURVE_WITH_KNOTS ( ( 4, 4 ),
 ( 1.490710746761238825, 1.570796326794897668 ),
 .UNSPECIFIED. ) 
 CURVE ( )  GEOMETRIC_REPRESENTATION_ITEM ( )  RATIONAL_B_SPLINE_CURVE ( ( 1.000000000000000000, 0.9994655964012900684, 0.9994655964012900684, 1.000000000000000000 ) ) 
 REPRESENTATION_ITEM ( '' )  );
#1044 = CYLINDRICAL_SURFACE ( 'NONE', #206, 0.09842519685039378963 ) ;
#1045 = ORIENTED_EDGE ( 'NONE', *, *, #119, .F. ) ;
#1046 = CARTESIAN_POINT ( 'NONE',  ( 1.712598425196851792, -4.046259842519683403, 0.07500000000000014988 ) ) ;
#1047 = LINE ( 'NONE', #157, #1102 ) ;
#1048 = ORIENTED_EDGE ( 'NONE', *, *, #533, .T. ) ;
#1049 = DIRECTION ( 'NONE',  ( 1.000000000000000000, 0.000000000000000000, 0.000000000000000000 ) ) ;
#1050 = DIRECTION ( 'NONE',  ( 1.000000000000000000, 0.000000000000000000, 0.000000000000000000 ) ) ;
#1051 = VERTEX_POINT ( 'NONE', #1205 ) ;
#1052 = ADVANCED_FACE ( 'NONE', ( #2461 ), #144, .F. ) ;
#1053 = DIRECTION ( 'NONE',  ( 0.7660444431189727954, 0.6427876096865454691, 0.000000000000000000 ) ) ;
#1054 = LINE ( 'NONE', #2733, #1652 ) ;
#1055 = VECTOR ( 'NONE', #1640, 39.37007874015748143 ) ;
#1056 = ORIENTED_EDGE ( 'NONE', *, *, #2424, .F. ) ;
#1057 = CIRCLE ( 'NONE', #2604, 6.000000000000000888 ) ;
#1058 = EDGE_CURVE ( 'NONE', #306, #1891, #2310, .T. ) ;
#1059 = CARTESIAN_POINT ( 'NONE',  ( 1.005377942054139551, 5.915168230374432845, -0.07874015748032273110 ) ) ;
#1060 = DIRECTION ( 'NONE',  ( -0.000000000000000000, -0.000000000000000000, 1.000000000000000000 ) ) ;
#1061 = CIRCLE ( 'NONE', #2040, 6.250000000000001776 ) ;
#1062 = DIRECTION ( 'NONE',  ( -0.000000000000000000, -0.000000000000000000, 1.000000000000000000 ) ) ;
#1063 = DIRECTION ( 'NONE',  ( 1.000000000000000000, 0.000000000000000000, 0.000000000000000000 ) ) ;
#1064 = AXIS2_PLACEMENT_3D ( 'NONE', #2535, #1444, #627 ) ;
#1065 = AXIS2_PLACEMENT_3D ( 'NONE', #902, #929, #1123 ) ;
#1066 = ORIENTED_EDGE ( 'NONE', *, *, #2123, .T. ) ;
#1067 =( CONVERSION_BASED_UNIT ( 'INCH', #1231 ) LENGTH_UNIT ( ) NAMED_UNIT ( #904 ) );
#1068 = DIRECTION ( 'NONE',  ( -1.000000000000000000, 0.000000000000000000, 0.000000000000000000 ) ) ;
#1069 = ORIENTED_EDGE ( 'NONE', *, *, #2511, .T. ) ;
#1070 = AXIS2_PLACEMENT_3D ( 'NONE', #1954, #22, #1710 ) ;
#1071 = DIRECTION ( 'NONE',  ( -0.000000000000000000, -0.000000000000000000, 1.000000000000000000 ) ) ;
#1072 = ADVANCED_FACE ( 'NONE', ( #2698 ), #1429, .T. ) ;
#1073 = AXIS2_PLACEMENT_3D ( 'NONE', #633, #2128, #1499 ) ;
#1074 = EDGE_CURVE ( 'NONE', #296, #442, #2216, .T. ) ;
#1075 = ORIENTED_EDGE ( 'NONE', *, *, #2414, .T. ) ;
#1076 = CARTESIAN_POINT ( 'NONE',  ( 1.028215981145904401, 5.831302600513234680, 0.000000000000000000 ) ) ;
#1077 = DIRECTION ( 'NONE',  ( -0.000000000000000000, -0.000000000000000000, 1.000000000000000000 ) ) ;
#1078 = FACE_BOUND ( 'NONE', #623, .T. ) ;
#1079 = EDGE_CURVE ( 'NONE', #2421, #652, #1047, .T. ) ;
#1080 = CARTESIAN_POINT ( 'NONE',  ( 0.9209469767211452274, -6.184028524488079270, -0.3546403174002197289 ) ) ;
#1081 = ORIENTED_EDGE ( 'NONE', *, *, #1716, .T. ) ;
#1082 = CARTESIAN_POINT ( 'NONE',  ( 0.000000000000000000, -6.125000000000000000, 0.006889763779527552021 ) ) ;
#1083 = CARTESIAN_POINT ( 'NONE',  ( 5.186295361959241568, -3.062499999999950706, 0.1250000000000000000 ) ) ;
#1084 = VERTEX_POINT ( 'NONE', #1707 ) ;
#1085 = VERTEX_POINT ( 'NONE', #570 ) ;
#1086 = FACE_OUTER_BOUND ( 'NONE', #2094, .T. ) ;
#1087 = ADVANCED_FACE ( 'NONE', ( #2491 ), #585, .F. ) ;
#1088 = CARTESIAN_POINT ( 'NONE',  ( 0.000000000000000000, 6.125000000000000000, 0.1250000000000000000 ) ) ;
#1089 = DIRECTION ( 'NONE',  ( -0.000000000000000000, -0.000000000000000000, 1.000000000000000000 ) ) ;
#1090 = EDGE_LOOP ( 'NONE', ( #978, #1045, #308, #2038 ) ) ;
#1091 = FACE_OUTER_BOUND ( 'NONE', #1658, .T. ) ;
#1092 = ORIENTED_EDGE ( 'NONE', *, *, #1449, .F. ) ;
#1093 = CARTESIAN_POINT ( 'NONE',  ( -0.06250000000000000000, 5.324999999999999289, -1.062500000000000000 ) ) ;
#1094 = CARTESIAN_POINT ( 'NONE',  ( -5.304405598179693371, 3.062499999999988010, 0.006889763779527552021 ) ) ;
#1095 = DIRECTION ( 'NONE',  ( 1.000000000000000000, 0.000000000000000000, 0.000000000000000000 ) ) ;
#1096 = AXIS2_PLACEMENT_3D ( 'NONE', #2203, #313, #304 ) ;
#1097 = ADVANCED_FACE ( 'NONE', ( #2289 ), #364, .F. ) ;
#1098 = PRODUCT ( 'FrameBack', 'FrameBack', '', ( #466 ) ) ;
#1099 = DIRECTION ( 'NONE',  ( -0.1736481776669268062, 0.9848077530122085754, 0.000000000000000000 ) ) ;
#1100 = AXIS2_PLACEMENT_3D ( 'NONE', #1161, #923, #2210 ) ;
#1101 = ORIENTED_EDGE ( 'NONE', *, *, #2041, .F. ) ;
#1102 = VECTOR ( 'NONE', #1908, 39.37007874015748143 ) ;
#1103 = CARTESIAN_POINT ( 'NONE',  ( 0.000000000000000000, 0.000000000000000000, -0.07874015748031612527 ) ) ;
#1104 = ORIENTED_EDGE ( 'NONE', *, *, #1176, .T. ) ;
#1105 = VECTOR ( 'NONE', #1871, 39.37007874015748143 ) ;
#1106 = CARTESIAN_POINT ( 'NONE',  ( -5.371334732037961857, 3.062499999999988010, 0.1250000000000000000 ) ) ;
#1107 = EDGE_CURVE ( 'NONE', #2073, #2267, #2650, .T. ) ;
#1108 = AXIS2_PLACEMENT_3D ( 'NONE', #1614, #74, #933 ) ;
#1109 = AXIS2_PLACEMENT_3D ( 'NONE', #3, #1683, #863 ) ;
#1110 = VERTEX_POINT ( 'NONE', #2651 ) ;
#1111 = AXIS2_PLACEMENT_3D ( 'NONE', #1082, #2538, #1280 ) ;
#1112 = FACE_OUTER_BOUND ( 'NONE', #195, .T. ) ;
#1113 = VERTEX_POINT ( 'NONE', #2230 ) ;
#1114 = PLANE ( 'NONE',  #2096 ) ;
#1115 = DIRECTION ( 'NONE',  ( 0.3094662222105427074, -0.8502514576073524344, -0.4257970363298783090 ) ) ;
#1116 = ORIENTED_EDGE ( 'NONE', *, *, #2497, .T. ) ;
#1117 = EDGE_CURVE ( 'NONE', #23, #1466, #1558, .T. ) ;
#1118 = EDGE_CURVE ( 'NONE', #166, #2185, #108, .T. ) ;
#1119 = CARTESIAN_POINT ( 'NONE',  ( 1.712598425196851792, -4.046259842519683403, -3.977250342891675228 ) ) ;
#1120 = ORIENTED_EDGE ( 'NONE', *, *, #809, .T. ) ;
#1121 = B_SPLINE_CURVE_WITH_KNOTS ( 'NONE', 3,
 ( #1951, #1545, #198, #1706 ),
 .UNSPECIFIED., .F., .F.,
 ( 4, 4 ),
 ( 0.000000000000000000, 0.002978958985904020616 ),
 .UNSPECIFIED. ) ;
#1122 = DIRECTION ( 'NONE',  ( 1.000000000000000000, 0.000000000000000000, 0.000000000000000000 ) ) ;
#1123 = DIRECTION ( 'NONE',  ( 1.000000000000000000, 0.000000000000000000, 0.000000000000000000 ) ) ;
#1124 = CARTESIAN_POINT ( 'NONE',  ( 5.186295361959178507, 3.062500000000061728, 0.1250000000000000000 ) ) ;
#1125 = CARTESIAN_POINT ( 'NONE',  ( -0.1499999999999998557, 5.075000000000000178, 0.1250000000000000000 ) ) ;
#1126 = ORIENTED_EDGE ( 'NONE', *, *, #682, .F. ) ;
#1127 = DIRECTION ( 'NONE',  ( -0.000000000000000000, -0.000000000000000000, 1.000000000000000000 ) ) ;
#1128 = ORIENTED_EDGE ( 'NONE', *, *, #1058, .T. ) ;
#1129 = FACE_OUTER_BOUND ( 'NONE', #1272, .T. ) ;
#1130 = EDGE_CURVE ( 'NONE', #763, #1664, #155, .T. ) ;
#1131 = CARTESIAN_POINT ( 'NONE',  ( 5.304405598179650738, 3.062500000000061728, 0.006889763779527552021 ) ) ;
#1132 = EDGE_LOOP ( 'NONE', ( #280, #597, #2715, #133 ) ) ;
#1133 = EDGE_LOOP ( 'NONE', ( #1036, #2115, #2080, #711, #2122 ) ) ;
#1134 = EDGE_CURVE ( 'NONE', #1834, #1457, #2567, .T. ) ;
#1135 = AXIS2_PLACEMENT_3D ( 'NONE', #1031, #548, #775 ) ;
#1136 = CARTESIAN_POINT ( 'NONE',  ( 5.115840986124581491, -3.134991388295649717, -0.07874015748031830408 ) ) ;
#1137 = CARTESIAN_POINT ( 'NONE',  ( 0.000000000000000000, 0.000000000000000000, -1.062500000000000000 ) ) ;
#1138 = LINE ( 'NONE', #517, #2522 ) ;
#1139 = VECTOR ( 'NONE', #1099, 39.37007874015748854 ) ;
#1140 = ORIENTED_EDGE ( 'NONE', *, *, #533, .F. ) ;
#1141 = LINE ( 'NONE', #727, #743 ) ;
#1142 = CARTESIAN_POINT ( 'NONE',  ( -0.5494851894954612126, -5.995670606906715605, -1.062500000000000000 ) ) ;
#1143 = AXIS2_PLACEMENT_3D ( 'NONE', #1937, #15, #420 ) ;
#1144 = CIRCLE ( 'NONE', #69, 5.921259842519686956 ) ;
#1145 = EDGE_CURVE ( 'NONE', #668, #2455, #1138, .T. ) ;
#1146 = CARTESIAN_POINT ( 'NONE',  ( -5.109171574336875743, -3.634400338981392586, -1.062500000000000000 ) ) ;
#1147 = VECTOR ( 'NONE', #601, 39.37007874015748143 ) ;
#1148 = DIRECTION ( 'NONE',  ( 1.000000000000000000, 0.000000000000000000, -0.000000000000000000 ) ) ;
#1149 = AXIS2_PLACEMENT_3D ( 'NONE', #2370, #832, #1714 ) ;
#1150 = EDGE_LOOP ( 'NONE', ( #2622, #2386, #1536, #905, #592 ) ) ;
#1151 = EDGE_CURVE ( 'NONE', #2245, #1227, #1516, .T. ) ;
#1152 = VECTOR ( 'NONE', #2449, 39.37007874015748143 ) ;
#1153 = LINE ( 'NONE', #912, #1964 ) ;
#1154 = LINE ( 'NONE', #293, #780 ) ;
#1155 = EDGE_CURVE ( 'NONE', #802, #1418, #1994, .T. ) ;
#1156 = ORIENTED_EDGE ( 'NONE', *, *, #1452, .F. ) ;
#1157 = DIRECTION ( 'NONE',  ( 1.000000000000000000, 0.000000000000000000, 0.000000000000000000 ) ) ;
#1158 = VERTEX_POINT ( 'NONE', #1125 ) ;
#1159 = CARTESIAN_POINT ( 'NONE',  ( -1.028215981145904401, -5.831302600513233791, 0.000000000000000000 ) ) ;
#1160 = DIRECTION ( 'NONE',  ( 1.000000000000000000, 0.000000000000000000, 0.000000000000000000 ) ) ;
#1161 = CARTESIAN_POINT ( 'NONE',  ( -5.237476464321404457, -3.062500000000024869, 0.006889763779527552021 ) ) ;
#1162 = EDGE_LOOP ( 'NONE', ( #1230, #392, #2540, #329 ) ) ;
#1163 = EDGE_CURVE ( 'NONE', #2235, #120, #1983, .T. ) ;
#1164 = DIRECTION ( 'NONE',  ( -0.000000000000000000, -0.000000000000000000, 1.000000000000000000 ) ) ;
#1165 = CARTESIAN_POINT ( 'NONE',  ( 4.619996984135783968, 3.828266953410676354, -0.07874015748031615303 ) ) ;
#1166 = ORIENTED_EDGE ( 'NONE', *, *, #2536, .F. ) ;
#1167 = DIRECTION ( 'NONE',  ( -0.000000000000000000, -0.000000000000000000, 1.000000000000000000 ) ) ;
#1168 = EDGE_LOOP ( 'NONE', ( #1241, #1613 ) ) ;
#1169 = VERTEX_POINT ( 'NONE', #2252 ) ;
#1170 = CARTESIAN_POINT ( 'NONE',  ( 0.000000000000000000, 0.000000000000000000, -1.062500000000000000 ) ) ;
#1171 = CARTESIAN_POINT ( 'NONE',  ( -1.712598425196850682, -4.046259842519684291, 0.1250000000000000000 ) ) ;
#1172 = ORIENTED_EDGE ( 'NONE', *, *, #1183, .T. ) ;
#1173 = CARTESIAN_POINT ( 'NONE',  ( 0.06692913385826779193, 6.125000000000000000, 0.006889763779527552021 ) ) ;
#1174 = VERTEX_POINT ( 'NONE', #2488 ) ;
#1175 = CARTESIAN_POINT ( 'NONE',  ( -0.1250000000000000000, 5.998697775350914085, -0.07874015748031612527 ) ) ;
#1176 = EDGE_CURVE ( 'NONE', #747, #784, #2179, .T. ) ;
#1177 = VERTEX_POINT ( 'NONE', #376 ) ;
#1178 = ORIENTED_EDGE ( 'NONE', *, *, #656, .T. ) ;
#1179 = ORIENTED_EDGE ( 'NONE', *, *, #486, .F. ) ;
#1180 = DIRECTION ( 'NONE',  ( 1.000000000000000000, 0.000000000000000000, 0.000000000000000000 ) ) ;
#1181 = AXIS2_PLACEMENT_3D ( 'NONE', #259, #1115, #1974 ) ;
#1182 = AXIS2_PLACEMENT_3D ( 'NONE', #591, #2079, #2326 ) ;
#1183 = EDGE_CURVE ( 'NONE', #1395, #2275, #2042, .T. ) ;
#1184 = VERTEX_POINT ( 'NONE', #1877 ) ;
#1185 = FACE_BOUND ( 'NONE', #1805, .T. ) ;
#1186 = AXIS2_PLACEMENT_3D ( 'NONE', #1376, #2226, #1604 ) ;
#1187 = CIRCLE ( 'NONE', #30, 6.000000000000000888 ) ;
#1188 = ORIENTED_EDGE ( 'NONE', *, *, #2511, .F. ) ;
#1189 = CARTESIAN_POINT ( 'NONE',  ( -5.371334732037939652, -3.062500000000024869, 0.1250000000000000000 ) ) ;
#1190 = DIRECTION ( 'NONE',  ( -0.000000000000000000, -0.000000000000000000, 1.000000000000000000 ) ) ;
#1191 = CIRCLE ( 'NONE', #1250, 0.09842519685039378963 ) ;
#1192 = CARTESIAN_POINT ( 'NONE',  ( 5.422515834400186918, -3.062499999999950706, 0.006889763779527552021 ) ) ;
#1193 = CARTESIAN_POINT ( 'NONE',  ( -5.093826093294206103, 3.621523951498194283, -1.062500000000000000 ) ) ;
#1194 = AXIS2_PLACEMENT_3D ( 'NONE', #473, #1339, #909 ) ;
#1195 = ORIENTED_EDGE ( 'NONE', *, *, #847, .T. ) ;
#1196 = LINE ( 'NONE', #1251, #2688 ) ;
#1197 = AXIS2_PLACEMENT_3D ( 'NONE', #1266, #1049, #1709 ) ;
#1198 = ORIENTED_EDGE ( 'NONE', *, *, #2028, .F. ) ;
#1199 = FACE_OUTER_BOUND ( 'NONE', #1560, .T. ) ;
#1200 = CARTESIAN_POINT ( 'NONE',  ( 1.407807218024483088E-14, 2.592858347305293660E-14, 1.146989288759872050 ) ) ;
#1201 = EDGE_CURVE ( 'NONE', #2729, #2281, #1402, .T. ) ;
#1202 = ORIENTED_EDGE ( 'NONE', *, *, #342, .T. ) ;
#1203 = CYLINDRICAL_SURFACE ( 'NONE', #153, 0.1181102362204724532 ) ;
#1204 = ADVANCED_FACE ( 'NONE', ( #2679 ), #607, .F. ) ;
#1205 = CARTESIAN_POINT ( 'NONE',  ( 5.186295361959178507, 3.062500000000061728, 0.006889763779527552021 ) ) ;
#1206 = ORIENTED_EDGE ( 'NONE', *, *, #679, .T. ) ;
#1207 = EDGE_LOOP ( 'NONE', ( #2156, #2741, #910, #1216 ) ) ;
#1208 = CARTESIAN_POINT ( 'NONE',  ( -5.683244789058353952, 2.600620823503704493, -1.062500000000000000 ) ) ;
#1209 = FILL_AREA_STYLE ('',( #1224 ) ) ;
#1210 = CARTESIAN_POINT ( 'NONE',  ( 0.000000000000000000, 0.000000000000000000, -1.062500000000000000 ) ) ;
#1211 = EDGE_LOOP ( 'NONE', ( #2190, #167, #2614, #1952 ) ) ;
#1212 = CARTESIAN_POINT ( 'NONE',  ( 5.422515834400186918, -3.062499999999950706, 0.1250000000000000000 ) ) ;
#1213 = ORIENTED_EDGE ( 'NONE', *, *, #1719, .T. ) ;
#1214 = FACE_OUTER_BOUND ( 'NONE', #803, .T. ) ;
#1215 = DIRECTION ( 'NONE',  ( -0.4771587602596022437, -0.8788171126619688245, 0.000000000000000000 ) ) ;
#1216 = ORIENTED_EDGE ( 'NONE', *, *, #1538, .T. ) ;
#1218 = EDGE_CURVE ( 'NONE', #2445, #306, #1029, .T. ) ;
#1217 = FACE_OUTER_BOUND ( 'NONE', #810, .T. ) ;
#1219 = CARTESIAN_POINT ( 'NONE',  ( 0.000000000000000000, -6.125000000000000000, 0.1250000000000000000 ) ) ;
#1220 = DIRECTION ( 'NONE',  ( -0.000000000000000000, -0.000000000000000000, 1.000000000000000000 ) ) ;
#1221 = VERTEX_POINT ( 'NONE', #2085 ) ;
#1222 = ORIENTED_EDGE ( 'NONE', *, *, #273, .F. ) ;
#1223 = CARTESIAN_POINT ( 'NONE',  ( -4.619996984135837259, 3.828266953410614182, -0.07874015748031619466 ) ) ;
#1224 = FILL_AREA_STYLE_COLOUR ( '', #1461 ) ;
#1225 = LINE ( 'NONE', #1469, #2093 ) ;
#1226 = EDGE_CURVE ( 'NONE', #23, #2073, #2379, .T. ) ;
#1227 = VERTEX_POINT ( 'NONE', #1193 ) ;
#1228 = PLANE ( 'NONE',  #553 ) ;
#1229 = DIRECTION ( 'NONE',  ( 1.000000000000000000, 0.000000000000000000, 0.000000000000000000 ) ) ;
#1230 = ORIENTED_EDGE ( 'NONE', *, *, #1977, .F. ) ;
#1231 = LENGTH_MEASURE_WITH_UNIT ( LENGTH_MEASURE( 0.02539999999999999897 ), #857 );
#1232 = DIRECTION ( 'NONE',  ( 1.000000000000000000, 0.000000000000000000, 0.000000000000000000 ) ) ;
#1233 = AXIS2_PLACEMENT_3D ( 'NONE', #2668, #2039, #111 ) ;
#1234 = B_SPLINE_CURVE_WITH_KNOTS ( 'NONE', 3,
 ( #1729, #2344, #1490, #35 ),
 .UNSPECIFIED., .F., .F.,
 ( 4, 4 ),
 ( 0.000000000000000000, 0.002828738229628785083 ),
 .UNSPECIFIED. ) ;
#1235 = VECTOR ( 'NONE', #2170, 39.37007874015748143 ) ;
#1236 = ORIENTED_EDGE ( 'NONE', *, *, #2508, .T. ) ;
#1237 = CARTESIAN_POINT ( 'NONE',  ( -0.06692913385826741723, 6.125000000000000000, -1.062500000000000000 ) ) ;
#1238 = CARTESIAN_POINT ( 'NONE',  ( 4.895052311573659054, 3.889577739623079289, -0.3546403174002250025 ) ) ;
#1239 = VECTOR ( 'NONE', #1077, 39.37007874015748143 ) ;
#1240 = ADVANCED_FACE ( 'NONE', ( #806 ), #28, .F. ) ;
#1241 = ORIENTED_EDGE ( 'NONE', *, *, #156, .F. ) ;
#1242 = VERTEX_POINT ( 'NONE', #833 ) ;
#1243 = CARTESIAN_POINT ( 'NONE',  ( -5.683244789058353952, 2.600620823503704493, -1.062500000000000000 ) ) ;
#1244 = CARTESIAN_POINT ( 'NONE',  ( -0.5894186957641495139, -6.222144775001921424, -1.062500000000000000 ) ) ;
#1245 =( BOUNDED_CURVE ( )  B_SPLINE_CURVE ( 3, ( #1208, #2251, #1028, #2691 ),
 .UNSPECIFIED., .F., .T. ) 
 B_SPLINE_CURVE_WITH_KNOTS ( ( 4, 4 ),
 ( 1.490710746761237937, 1.570796326794896780 ),
 .UNSPECIFIED. ) 
 CURVE ( )  GEOMETRIC_REPRESENTATION_ITEM ( )  RATIONAL_B_SPLINE_CURVE ( ( 1.000000000000000000, 0.9994655964012900684, 0.9994655964012900684, 1.000000000000000000 ) ) 
 REPRESENTATION_ITEM ( '' )  );
#1246 = ADVANCED_FACE ( 'NONE', ( #2501 ), #1044, .F. ) ;
#1247 = CONICAL_SURFACE ( 'NONE', #432, 6.000000000000000888, 0.7853981633974415066 ) ;
#1248 = DIRECTION ( 'NONE',  ( 1.000000000000000000, 0.000000000000000000, 0.000000000000000000 ) ) ;
#1249 = ORIENTED_EDGE ( 'NONE', *, *, #2021, .F. ) ;
#1250 = AXIS2_PLACEMENT_3D ( 'NONE', #445, #2325, #1537 ) ;
#1251 = CARTESIAN_POINT ( 'NONE',  ( -1.085301110418299908, -6.155048456326303707, 0.000000000000000000 ) ) ;
#1252 = EDGE_CURVE ( 'NONE', #1546, #2007, #1225, .T. ) ;
#1253 = AXIS2_PLACEMENT_3D ( 'NONE', #1347, #281, #520 ) ;
#1254 = EDGE_LOOP ( 'NONE', ( #263, #1711 ) ) ;
#1255 = DIRECTION ( 'NONE',  ( -0.000000000000000000, -1.000000000000000000, -0.000000000000000000 ) ) ;
#1256 = DIRECTION ( 'NONE',  ( -0.000000000000000000, -0.000000000000000000, 1.000000000000000000 ) ) ;
#1257 = CARTESIAN_POINT ( 'NONE',  ( 0.000000000000000000, -6.125000000000000000, 0.1250000000000000000 ) ) ;
#1258 = CARTESIAN_POINT ( 'NONE',  ( 5.093826093294157253, 3.621523951498264449, -1.062500000000000000 ) ) ;
#1259 = ORIENTED_EDGE ( 'NONE', *, *, #243, .F. ) ;
#1260 = CARTESIAN_POINT ( 'NONE',  ( 1.041889066001568054, -5.908846518073251453, 0.000000000000000000 ) ) ;
#1261 = CARTESIAN_POINT ( 'NONE',  ( -5.186295361959200712, -3.062500000000024869, 0.006889763779527552021 ) ) ;
#1262 = ORIENTED_EDGE ( 'NONE', *, *, #812, .F. ) ;
#1263 = LINE ( 'NONE', #2116, #1602 ) ;
#1264 = CARTESIAN_POINT ( 'NONE',  ( 5.272902675971828934, -2.862952561557588371, 1.146989288759872050 ) ) ;
#1265 = ORIENTED_EDGE ( 'NONE', *, *, #760, .F. ) ;
#1266 = CARTESIAN_POINT ( 'NONE',  ( 0.1250000000000000000, 0.000000000000000000, 0.000000000000000000 ) ) ;
#1267 = CARTESIAN_POINT ( 'NONE',  ( -5.584590236732180024, 2.045760104655974576, -0.02622955725494605442 ) ) ;
#1268 = EDGE_LOOP ( 'NONE', ( #558, #1825, #1713, #1635 ) ) ;
#1269 = CARTESIAN_POINT ( 'NONE',  ( 1.614173228346456490, -2.077755905511810663, 0.07500000000000014988 ) ) ;
#1270 = ADVANCED_FACE ( 'NONE', ( #183 ), #123, .F. ) ;
#1271 = DIRECTION ( 'NONE',  ( -0.000000000000000000, -0.000000000000000000, 1.000000000000000000 ) ) ;
#1272 = EDGE_LOOP ( 'NONE', ( #766, #580, #2580, #1325, #2683 ) ) ;
#1273 = CARTESIAN_POINT ( 'NONE',  ( -6.250000000000000000, 0.000000000000000000, 0.1250000000000000000 ) ) ;
#1274 = DIRECTION ( 'NONE',  ( -0.000000000000000000, -0.000000000000000000, 1.000000000000000000 ) ) ;
#1275 = DIRECTION ( 'NONE',  ( 0.000000000000000000, 0.000000000000000000, 1.000000000000000000 ) ) ;
#1276 = LINE ( 'NONE', #1316, #1235 ) ;
#1277 = DIRECTION ( 'NONE',  ( 1.000000000000000000, 0.000000000000000000, 0.000000000000000000 ) ) ;
#1278 = EDGE_CURVE ( 'NONE', #2232, #1941, #1700, .T. ) ;
#1279 = VERTEX_POINT ( 'NONE', #1261 ) ;
#1280 = DIRECTION ( 'NONE',  ( 1.000000000000000000, 0.000000000000000000, 0.000000000000000000 ) ) ;
#1281 = CARTESIAN_POINT ( 'NONE',  ( -0.1250000000000000000, 5.998697775350914085, -1.059732772620690433 ) ) ;
#1282 = ORIENTED_EDGE ( 'NONE', *, *, #2714, .T. ) ;
#1283 = DIRECTION ( 'NONE',  ( -0.000000000000000000, 0.4257970363298793637, -0.9048187022009942515 ) ) ;
#1284 = ADVANCED_FACE ( 'NONE', ( #2270 ), #2692, .F. ) ;
#1285 = AXIS2_PLACEMENT_3D ( 'NONE', #1830, #2284, #150 ) ;
#1286 = ORIENTED_EDGE ( 'NONE', *, *, #318, .T. ) ;
#1287 = AXIS2_PLACEMENT_3D ( 'NONE', #2189, #1989, #2006 ) ;
#1288 = CARTESIAN_POINT ( 'NONE',  ( 5.371334732037981397, -3.062499999999950706, -1.062500000000000000 ) ) ;
#1289 = DIRECTION ( 'NONE',  ( 0.000000000000000000, 0.000000000000000000, 1.000000000000000000 ) ) ;
#1290 = VECTOR ( 'NONE', #1890, 39.37007874015748854 ) ;
#1291 = CARTESIAN_POINT ( 'NONE',  ( -1.005377942054139551, -5.915168230374432845, -0.07874015748032273110 ) ) ;
#1292 = CYLINDRICAL_SURFACE ( 'NONE', #431, 6.000000000000000888 ) ;
#1293 = DIRECTION ( 'NONE',  ( 1.000000000000000000, 0.000000000000000000, 0.000000000000000000 ) ) ;
#1294 = AXIS2_PLACEMENT_3D ( 'NONE', #2426, #511, #265 ) ;
#1295 = VECTOR ( 'NONE', #1271, 39.37007874015748143 ) ;
#1296 = ORIENTED_EDGE ( 'NONE', *, *, #2318, .F. ) ;
#1297 = DIRECTION ( 'NONE',  ( 1.000000000000000000, 0.000000000000000000, 0.000000000000000000 ) ) ;
#1298 = PRODUCT_DEFINITION ( 'UNKNOWN', '', #2365, #672 ) ;
#1299 = ORIENTED_EDGE ( 'NONE', *, *, #1163, .F. ) ;
#1300 = CIRCLE ( 'NONE', #1108, 5.921259842519687844 ) ;
#1301 = CIRCLE ( 'NONE', #1194, 0.1181102362204724254 ) ;
#1302 = EDGE_CURVE ( 'NONE', #1606, #547, #2353, .T. ) ;
#1303 = VECTOR ( 'NONE', #588, 39.37007874015748143 ) ;
#1304 = LINE ( 'NONE', #224, #970 ) ;
#1305 = DIRECTION ( 'NONE',  ( -0.000000000000000000, -0.000000000000000000, 1.000000000000000000 ) ) ;
#1306 = CARTESIAN_POINT ( 'NONE',  ( -1.005377942054139551, -5.915168230374432845, -0.07874015748032273110 ) ) ;
#1307 = CARTESIAN_POINT ( 'NONE',  ( 1.085301110418299686, -6.155048456326302819, 0.000000000000000000 ) ) ;
#1308 = ORIENTED_EDGE ( 'NONE', *, *, #156, .T. ) ;
#1309 = FACE_OUTER_BOUND ( 'NONE', #1642, .T. ) ;
#1310 = ORIENTED_EDGE ( 'NONE', *, *, #2254, .F. ) ;
#1311 = EDGE_CURVE ( 'NONE', #748, #11, #882, .T. ) ;
#1312 = ORIENTED_EDGE ( 'NONE', *, *, #2354, .F. ) ;
#1313 = CARTESIAN_POINT ( 'NONE',  ( -6.250000000000000000, 0.000000000000000000, 0.000000000000000000 ) ) ;
#1314 = CARTESIAN_POINT ( 'NONE',  ( 0.000000000000000000, -6.125000000000000000, 0.1250000000000000000 ) ) ;
#1315 = ADVANCED_FACE ( 'NONE', ( #1924, #1948, #1741, #674, #1078, #451, #439, #2573, #851 ), #6, .T. ) ;
#1316 = CARTESIAN_POINT ( 'NONE',  ( -5.237476464321425773, 3.062499999999988010, 0.1250000000000000000 ) ) ;
#1317 = ADVANCED_FACE ( 'NONE', ( #866 ), #2543, .F. ) ;
#1318 = ORIENTED_EDGE ( 'NONE', *, *, #2378, .T. ) ;
#1319 = VERTEX_POINT ( 'NONE', #1938 ) ;
#1320 = FACE_OUTER_BOUND ( 'NONE', #1852, .T. ) ;
#1321 = VERTEX_POINT ( 'NONE', #2159 ) ;
#1322 = CARTESIAN_POINT ( 'NONE',  ( -5.604993563680589652, -2.066330499114449992, -0.05247649278300849096 ) ) ;
#1323 = ORIENTED_EDGE ( 'NONE', *, *, #1201, .T. ) ;
#1324 = DIRECTION ( 'NONE',  ( -0.000000000000000000, -0.000000000000000000, 1.000000000000000000 ) ) ;
#1325 = ORIENTED_EDGE ( 'NONE', *, *, #992, .T. ) ;
#1326 = VECTOR ( 'NONE', #1555, 39.37007874015748143 ) ;
#1327 = EDGE_CURVE ( 'NONE', #99, #1184, #288, .T. ) ;
#1328 = DIRECTION ( 'NONE',  ( -0.9396926207859030988, -0.3420201433256829793, 0.000000000000000000 ) ) ;
#1329 = DIRECTION ( 'NONE',  ( -0.000000000000000000, -0.000000000000000000, 1.000000000000000000 ) ) ;
#1330 = CIRCLE ( 'NONE', #2743, 0.06692913385826800010 ) ;
#1331 = ORIENTED_EDGE ( 'NONE', *, *, #2662, .T. ) ;
#1332 = VECTOR ( 'NONE', #361, 39.37007874015748143 ) ;
#1333 = EDGE_CURVE ( 'NONE', #2275, #1395, #2145, .T. ) ;
#1334 = DIRECTION ( 'NONE',  ( 1.000000000000000000, 0.000000000000000000, 0.000000000000000000 ) ) ;
#1335 = ORIENTED_EDGE ( 'NONE', *, *, #59, .T. ) ;
#1336 = CIRCLE ( 'NONE', #693, 0.1499999999999998557 ) ;
#1337 = CIRCLE ( 'NONE', #792, 0.1181102362204725503 ) ;
#1338 = CIRCLE ( 'NONE', #1149, 0.09842519685039378963 ) ;
#1339 = DIRECTION ( 'NONE',  ( -0.000000000000000000, -0.000000000000000000, 1.000000000000000000 ) ) ;
#1340 = CIRCLE ( 'NONE', #2577, 0.06692913385826800010 ) ;
#1341 = DIRECTION ( 'NONE',  ( -0.000000000000000000, -0.000000000000000000, -1.000000000000000000 ) ) ;
#1342 = ORIENTED_EDGE ( 'NONE', *, *, #911, .T. ) ;
#1343 = CARTESIAN_POINT ( 'NONE',  ( -1.141909324569361004E-15, -1.863426657846645794E-15, 1.146989288759872050 ) ) ;
#1344 = CARTESIAN_POINT ( 'NONE',  ( -5.422515834400166490, 3.062499999999988010, 0.1250000000000000000 ) ) ;
#1345 = EDGE_CURVE ( 'NONE', #184, #1279, #208, .T. ) ;
#1346 = ORIENTED_EDGE ( 'NONE', *, *, #2107, .F. ) ;
#1347 = CARTESIAN_POINT ( 'NONE',  ( 0.000000000000000000, 0.000000000000000000, 0.000000000000000000 ) ) ;
#1348 = ORIENTED_EDGE ( 'NONE', *, *, #1333, .F. ) ;
#1349 = EDGE_CURVE ( 'NONE', #462, #2646, #2183, .T. ) ;
#1350 = UNCERTAINTY_MEASURE_WITH_UNIT (LENGTH_MEASURE( 1.000000000000000082E-05 ), #1067, 'distance_accuracy_value', 'NONE');
#1351 = CARTESIAN_POINT ( 'NONE',  ( -5.564164179771677432, 2.025190140007109729, 0.000000000000000000 ) ) ;
#1352 = VERTEX_POINT ( 'NONE', #2130 ) ;
#1353 = CARTESIAN_POINT ( 'NONE',  ( -0.3213938048432662398, 0.3830222215594841773, -1.062500000000000000 ) ) ;
#1354 = CARTESIAN_POINT ( 'NONE',  ( 0.06692913385826779193, 6.125000000000000000, 0.006889763779527552021 ) ) ;
#1355 = EDGE_LOOP ( 'NONE', ( #2303, #2627, #1420, #2174 ) ) ;
#1356 = CARTESIAN_POINT ( 'NONE',  ( -5.304405598179693371, 3.062499999999988010, 0.1250000000000000000 ) ) ;
#1357 = CARTESIAN_POINT ( 'NONE',  ( 5.371334732037917448, 3.062500000000061728, -1.062500000000000000 ) ) ;
#1358 = DIRECTION ( 'NONE',  ( 1.000000000000000000, 0.000000000000000000, 0.000000000000000000 ) ) ;
#1359 = CARTESIAN_POINT ( 'NONE',  ( 5.237476464321447089, -3.062499999999950706, -1.062500000000000000 ) ) ;
#1360 = ADVANCED_FACE ( 'NONE', ( #423 ), #1292, .F. ) ;
#1361 = PLANE ( 'NONE',  #1287 ) ;
#1362 = ORIENTED_EDGE ( 'NONE', *, *, #1744, .F. ) ;
#1363 = ORIENTED_EDGE ( 'NONE', *, *, #1526, .F. ) ;
#1364 = CARTESIAN_POINT ( 'NONE',  ( -5.512311227683409420, -2.374512527938274609, -0.7352296516784532221 ) ) ;
#1365 = CARTESIAN_POINT ( 'NONE',  ( -5.873078879911912686, -2.137625895785471464, 0.000000000000000000 ) ) ;
#1366 = AXIS2_PLACEMENT_3D ( 'NONE', #487, #921, #1603 ) ;
#1367 = ORIENTED_EDGE ( 'NONE', *, *, #826, .T. ) ;
#1368 = DIRECTION ( 'NONE',  ( 0.000000000000000000, 0.000000000000000000, 1.000000000000000000 ) ) ;
#1369 = ORIENTED_EDGE ( 'NONE', *, *, #1410, .F. ) ;
#1370 = AXIS2_PLACEMENT_3D ( 'NONE', #80, #474, #276 ) ;
#1371 = AXIS2_PLACEMENT_3D ( 'NONE', #532, #2612, #1405 ) ;
#1372 =( BOUNDED_CURVE ( )  B_SPLINE_CURVE ( 3, ( #404, #850, #1514, #634 ),
 .UNSPECIFIED., .F., .T. ) 
 B_SPLINE_CURVE_WITH_KNOTS ( ( 4, 4 ),
 ( 4.712388980384688786, 4.792474560418347629 ),
 .UNSPECIFIED. ) 
 CURVE ( )  GEOMETRIC_REPRESENTATION_ITEM ( )  RATIONAL_B_SPLINE_CURVE ( ( 1.000000000000000000, 0.9994655964012900684, 0.9994655964012900684, 1.000000000000000000 ) ) 
 REPRESENTATION_ITEM ( '' )  );
#1374 = ADVANCED_FACE ( 'NONE', ( #1728 ), #2588, .F. ) ;
#1373 = DIRECTION ( 'NONE',  ( 0.000000000000000000, 0.000000000000000000, 1.000000000000000000 ) ) ;
#1375 = AXIS2_PLACEMENT_3D ( 'NONE', #2277, #1256, #1688 ) ;
#1376 = CARTESIAN_POINT ( 'NONE',  ( 0.000000000000000000, 0.000000000000000000, -1.062500000000000000 ) ) ;
#1377 = AXIS2_PLACEMENT_3D ( 'NONE', #89, #2478, #319 ) ;
#1378 = ORIENTED_EDGE ( 'NONE', *, *, #2400, .T. ) ;
#1379 = AXIS2_PLACEMENT_3D ( 'NONE', #382, #202, #159 ) ;
#1380 = CARTESIAN_POINT ( 'NONE',  ( -5.447534617200246565, -2.514829337033623435, -1.062500000000000000 ) ) ;
#1381 = DIRECTION ( 'NONE',  ( 0.000000000000000000, 0.000000000000000000, 1.000000000000000000 ) ) ;
#1382 = ORIENTED_EDGE ( 'NONE', *, *, #1543, .T. ) ;
#1383 = DIRECTION ( 'NONE',  ( -0.8526401643540968411, 0.5224985647159412494, 0.000000000000000000 ) ) ;
#1384 = ORIENTED_EDGE ( 'NONE', *, *, #636, .F. ) ;
#1385 = EDGE_LOOP ( 'NONE', ( #2550, #926, #2271, #1498, #726, #2676 ) ) ;
#1386 = CARTESIAN_POINT ( 'NONE',  ( 1.013002076992628009, -5.887232063752881217, -0.05247649278301014936 ) ) ;
#1387 = DIRECTION ( 'NONE',  ( 1.000000000000000000, 0.000000000000000000, 0.000000000000000000 ) ) ;
#1388 = VERTEX_POINT ( 'NONE', #638 ) ;
#1389 = DIRECTION ( 'NONE',  ( -0.000000000000000000, -0.000000000000000000, 1.000000000000000000 ) ) ;
#1390 = CARTESIAN_POINT ( 'NONE',  ( 4.901673400653563384, 3.460288697973818106, -1.062500000000000000 ) ) ;
#1391 = EDGE_CURVE ( 'NONE', #1999, #802, #2533, .T. ) ;
#1392 = DIRECTION ( 'NONE',  ( 0.000000000000000000, 0.000000000000000000, 1.000000000000000000 ) ) ;
#1393 = VERTEX_POINT ( 'NONE', #453 ) ;
#1394 = CARTESIAN_POINT ( 'NONE',  ( 1.614173228346457822, -4.144685039370076929, 0.1250000000000000000 ) ) ;
#1395 = VERTEX_POINT ( 'NONE', #2383 ) ;
#1396 = EDGE_CURVE ( 'NONE', #1492, #942, #1263, .T. ) ;
#1397 = DIRECTION ( 'NONE',  ( 0.000000000000000000, 0.000000000000000000, 1.000000000000000000 ) ) ;
#1398 = ORIENTED_EDGE ( 'NONE', *, *, #2119, .T. ) ;
#1399 = CARTESIAN_POINT ( 'NONE',  ( 0.000000000000000000, 0.000000000000000000, -1.062500000000000000 ) ) ;
#1400 = ORIENTED_EDGE ( 'NONE', *, *, #1134, .F. ) ;
#1401 = ORIENTED_EDGE ( 'NONE', *, *, #2409, .T. ) ;
#1402 =( BOUNDED_CURVE ( )  B_SPLINE_CURVE ( 3, ( #2286, #2301, #2736, #1013 ),
 .UNSPECIFIED., .F., .T. ) 
 B_SPLINE_CURVE_WITH_KNOTS ( ( 4, 4 ),
 ( 4.628958893774075989, 4.706213242502020222 ),
 .UNSPECIFIED. ) 
 CURVE ( )  GEOMETRIC_REPRESENTATION_ITEM ( )  RATIONAL_B_SPLINE_CURVE ( ( 1.000000000000000000, 0.9995027089704446865, 0.9995027089704446865, 1.000000000000000000 ) ) 
 REPRESENTATION_ITEM ( '' )  );
#1403 = CARTESIAN_POINT ( 'NONE',  ( 5.371334732037919224, 3.062500000000061728, 0.006889763779527552021 ) ) ;
#1404 =( CONVERSION_BASED_UNIT ( 'INCH', #982 ) LENGTH_UNIT ( ) NAMED_UNIT ( #680 ) );
#1405 = DIRECTION ( 'NONE',  ( 1.000000000000000000, 0.000000000000000000, 0.000000000000000000 ) ) ;
#1406 = EDGE_CURVE ( 'NONE', #1113, #1174, #1419, .T. ) ;
#1407 = ORIENTED_EDGE ( 'NONE', *, *, #682, .T. ) ;
#1408 = CARTESIAN_POINT ( 'NONE',  ( -0.06692913385826759765, 6.125000000000000000, 0.1250000000000000000 ) ) ;
#1409 = AXIS2_PLACEMENT_3D ( 'NONE', #2384, #1089, #2589 ) ;
#1410 = EDGE_CURVE ( 'NONE', #1829, #113, #1870, .T. ) ;
#1411 = EDGE_LOOP ( 'NONE', ( #29, #1188, #2227, #739 ) ) ;
#1412 = CYLINDRICAL_SURFACE ( 'NONE', #2660, 6.000000000000000888 ) ;
#1413 = PLANE ( 'NONE',  #1471 ) ;
#1414 = CIRCLE ( 'NONE', #2352, 0.1181102362204725503 ) ;
#1415 = VERTEX_POINT ( 'NONE', #258 ) ;
#1416 = CARTESIAN_POINT ( 'NONE',  ( 0.1499999999999998557, 5.075000000000000178, 0.000000000000000000 ) ) ;
#1417 = CYLINDRICAL_SURFACE ( 'NONE', #786, 6.000000000000000888 ) ;
#1418 = VERTEX_POINT ( 'NONE', #490 ) ;
#1419 = CIRCLE ( 'NONE', #922, 0.09842519685039378963 ) ;
#1420 = ORIENTED_EDGE ( 'NONE', *, *, #1577, .T. ) ;
#1421 = CARTESIAN_POINT ( 'NONE',  ( -4.563975339046891122, 3.813516962408615374, -0.02622955725494702933 ) ) ;
#1422 = CARTESIAN_POINT ( 'NONE',  ( 5.512311227683391657, 2.374512527938313244, -0.7352296516784545544 ) ) ;
#1423 = CIRCLE ( 'NONE', #2221, 0.06692913385826690376 ) ;
#1424 = CARTESIAN_POINT ( 'NONE',  ( 0.1250000000000000000, 5.500000000000000888, 0.000000000000000000 ) ) ;
#1425 = DIRECTION ( 'NONE',  ( -0.000000000000000000, -0.000000000000000000, 1.000000000000000000 ) ) ;
#1426 = VERTEX_POINT ( 'NONE', #1787 ) ;
#1427 = PLANE ( 'NONE',  #828 ) ;
#1428 = AXIS2_PLACEMENT_3D ( 'NONE', #456, #1547, #2194 ) ;
#1429 = PLANE ( 'NONE',  #2431 ) ;
#1430 = ORIENTED_EDGE ( 'NONE', *, *, #2457, .T. ) ;
#1431 = PLANE ( 'NONE',  #1879 ) ;
#1432 = CARTESIAN_POINT ( 'NONE',  ( 0.5458612165466543154, 5.975118035007360717, -1.062500000000000000 ) ) ;
#1433 = ADVANCED_FACE ( 'NONE', ( #278 ), #2214, .F. ) ;
#1434 = CARTESIAN_POINT ( 'NONE',  ( 0.000000000000000000, -6.125000000000000000, 0.006889763779527552021 ) ) ;
#1435 = CARTESIAN_POINT ( 'NONE',  ( 0.000000000000000000, 6.125000000000000000, 0.1250000000000000000 ) ) ;
#1436 = EDGE_CURVE ( 'NONE', #1534, #270, #67, .T. ) ;
#1437 = VERTEX_POINT ( 'NONE', #52 ) ;
#1438 = VERTEX_POINT ( 'NONE', #2408 ) ;
#1439 = FACE_OUTER_BOUND ( 'NONE', #1411, .T. ) ;
#1440 = SURFACE_STYLE_USAGE ( .BOTH. , #135 ) ;
#1441 = CARTESIAN_POINT ( 'NONE',  ( 0.000000000000000000, 0.000000000000000000, 0.000000000000000000 ) ) ;
#1442 = CARTESIAN_POINT ( 'NONE',  ( -4.895052311573683923, -3.889577739623049979, -0.3546403174002206726 ) ) ;
#1443 = CARTESIAN_POINT ( 'NONE',  ( -1.041889066001568054, 5.908846518073251453, 0.000000000000000000 ) ) ;
#1444 = DIRECTION ( 'NONE',  ( 0.000000000000000000, 0.000000000000000000, 1.000000000000000000 ) ) ;
#1445 = LINE ( 'NONE', #1883, #339 ) ;
#1446 = DIRECTION ( 'NONE',  ( 0.000000000000000000, 0.000000000000000000, 1.000000000000000000 ) ) ;
#1447 = ADVANCED_FACE ( 'NONE', ( #1769 ), #698, .T. ) ;
#1448 = LINE ( 'NONE', #368, #377 ) ;
#1449 = EDGE_CURVE ( 'NONE', #1853, #1760, #2552, .T. ) ;
#1450 = EDGE_LOOP ( 'NONE', ( #932, #2530, #1935, #1887 ) ) ;
#1451 = ORIENTED_EDGE ( 'NONE', *, *, #1406, .T. ) ;
#1452 = EDGE_CURVE ( 'NONE', #1492, #1549, #613, .T. ) ;
#1453 = CYLINDRICAL_SURFACE ( 'NONE', #437, 6.000000000000000888 ) ;
#1454 = DIRECTION ( 'NONE',  ( 1.000000000000000000, 0.000000000000000000, 0.000000000000000000 ) ) ;
#1455 = DIRECTION ( 'NONE',  ( -1.000000000000000000, 1.387778780781445922E-16, 0.000000000000000000 ) ) ;
#1456 = DIRECTION ( 'NONE',  ( -0.4999999999999979461, -0.8660254037844397068, 0.000000000000000000 ) ) ;
#1457 = VERTEX_POINT ( 'NONE', #723 ) ;
#1458 = DIRECTION ( 'NONE',  ( -0.000000000000000000, -0.000000000000000000, -1.000000000000000000 ) ) ;
#1459 = CYLINDRICAL_SURFACE ( 'NONE', #1873, 0.1181102362204724532 ) ;
#1460 = AXIS2_PLACEMENT_3D ( 'NONE', #1846, #363, #1456 ) ;
#1461 = COLOUR_RGB ( '',0.7921568627450980005, 0.8196078431372548767, 0.9333333333333333481 ) ;
#1462 = CARTESIAN_POINT ( 'NONE',  ( 5.447534617200228801, 2.514829337033661183, -1.062500000000000000 ) ) ;
#1463 = DIRECTION ( 'NONE',  ( -1.000000000000000000, 0.000000000000000000, 0.000000000000000000 ) ) ;
#1464 = CIRCLE ( 'NONE', #1007, 0.1181102362204724254 ) ;
#1465 = EDGE_CURVE ( 'NONE', #430, #763, #1153, .T. ) ;
#1466 = VERTEX_POINT ( 'NONE', #1570 ) ;
#1467 = CARTESIAN_POINT ( 'NONE',  ( -0.1250000000000000000, 5.919940297218905023, 0.000000000000000000 ) ) ;
#1468 = DIRECTION ( 'NONE',  ( 1.000000000000000000, 0.000000000000000000, 0.000000000000000000 ) ) ;
#1469 = CARTESIAN_POINT ( 'NONE',  ( -5.873078879911914463, -2.137625895785471908, 0.000000000000000000 ) ) ;
#1470 = ORIENTED_EDGE ( 'NONE', *, *, #2168, .T. ) ;
#1471 = AXIS2_PLACEMENT_3D ( 'NONE', #1200, #1215, #2062 ) ;
#1472 = DIRECTION ( 'NONE',  ( -0.3094662222105368232, 0.8502514576073547659, -0.4257970363298779759 ) ) ;
#1473 = DIRECTION ( 'NONE',  ( -0.1736481776669268062, 0.9848077530122085754, 0.000000000000000000 ) ) ;
#1474 = VECTOR ( 'NONE', #2587, 39.37007874015748143 ) ;
#1475 = EDGE_LOOP ( 'NONE', ( #2399, #1527, #2259, #2322 ) ) ;
#1476 = CARTESIAN_POINT ( 'NONE',  ( 1.407807218024483088E-14, 2.592858347305293660E-14, -1.062500000000000000 ) ) ;
#1477 = CARTESIAN_POINT ( 'NONE',  ( 0.8530158939585384958, 5.941064610053867767, -0.4071465513891774357 ) ) ;
#1478 = ORIENTED_EDGE ( 'NONE', *, *, #2548, .F. ) ;
#1479 =( GEOMETRIC_REPRESENTATION_CONTEXT ( 3 ) GLOBAL_UNCERTAINTY_ASSIGNED_CONTEXT ( ( #1350 ) ) GLOBAL_UNIT_ASSIGNED_CONTEXT ( ( #1067, #2547, #1505 ) ) REPRESENTATION_CONTEXT ( 'NONE', 'WORKASPACE' ) );
#1480 = DIRECTION ( 'NONE',  ( 1.000000000000000000, 0.000000000000000000, 0.000000000000000000 ) ) ;
#1481 = ORIENTED_EDGE ( 'NONE', *, *, #1526, .T. ) ;
#1482 = CARTESIAN_POINT ( 'NONE',  ( 1.614173228346456490, -1.979330708661416915, -3.977250342891675228 ) ) ;
#1483 = EDGE_CURVE ( 'NONE', #2382, #1051, #2524, .T. ) ;
#1484 = LINE ( 'NONE', #2342, #2390 ) ;
#1485 = DIRECTION ( 'NONE',  ( 0.000000000000000000, 0.000000000000000000, 1.000000000000000000 ) ) ;
#1486 = ORIENTED_EDGE ( 'NONE', *, *, #2119, .F. ) ;
#1487 = ADVANCED_FACE ( 'NONE', ( #303 ), #2395, .T. ) ;
#1488 = CARTESIAN_POINT ( 'NONE',  ( -0.8530158939585384958, -5.941064610053867767, -0.4071465513891774357 ) ) ;
#1489 = DIRECTION ( 'NONE',  ( 0.000000000000000000, -0.000000000000000000, -1.000000000000000000 ) ) ;
#1490 = CARTESIAN_POINT ( 'NONE',  ( -0.1250000000000000000, 5.972445320528572132, -0.05249340042360285674 ) ) ;
#1491 = DIRECTION ( 'NONE',  ( -0.000000000000000000, -0.000000000000000000, 1.000000000000000000 ) ) ;
#1492 = VERTEX_POINT ( 'NONE', #1136 ) ;
#1493 = FACE_BOUND ( 'NONE', #889, .T. ) ;
#1494 = EDGE_CURVE ( 'NONE', #1158, #2455, #1336, .T. ) ;
#1495 = DIRECTION ( 'NONE',  ( -0.9396926207859079838, 0.3420201433256699897, 0.000000000000000000 ) ) ;
#1496 = CARTESIAN_POINT ( 'NONE',  ( -4.619996984135810614, -3.828266953410647488, -0.07874015748031422401 ) ) ;
#1497 = CARTESIAN_POINT ( 'NONE',  ( 0.000000000000000000, 0.000000000000000000, -1.062500000000000000 ) ) ;
#1498 = ORIENTED_EDGE ( 'NONE', *, *, #309, .T. ) ;
#1499 = DIRECTION ( 'NONE',  ( 1.000000000000000000, 0.000000000000000000, 0.000000000000000000 ) ) ;
#1500 = CARTESIAN_POINT ( 'NONE',  ( 5.422515834400123858, 3.062500000000061728, 0.1250000000000000000 ) ) ;
#1501 = CARTESIAN_POINT ( 'NONE',  ( -0.1499999999999998557, 5.075000000000000178, -1.062500000000000000 ) ) ;
#1502 = CARTESIAN_POINT ( 'NONE',  ( 1.712598425196851792, -4.046259842519683403, 0.1250000000000000000 ) ) ;
#1503 = EDGE_CURVE ( 'NONE', #1756, #714, #2355, .T. ) ;
#1504 = ORIENTED_EDGE ( 'NONE', *, *, #212, .F. ) ;
#1505 =( NAMED_UNIT ( * ) SI_UNIT ( $, .STERADIAN. ) SOLID_ANGLE_UNIT ( ) );
#1506 = CARTESIAN_POINT ( 'NONE',  ( 5.186295361959241568, -3.062499999999950706, 0.1250000000000000000 ) ) ;
#1507 = ORIENTED_EDGE ( 'NONE', *, *, #2497, .F. ) ;
#1508 = CARTESIAN_POINT ( 'NONE',  ( -5.584590236732170254, -2.045760104656008771, -0.02622955725494534665 ) ) ;
#1509 = ORIENTED_EDGE ( 'NONE', *, *, #452, .F. ) ;
#1510 = AXIS2_PLACEMENT_3D ( 'NONE', #1752, #854, #650 ) ;
#1511 = AXIS2_PLACEMENT_3D ( 'NONE', #2534, #625, #1063 ) ;
#1512 = VECTOR ( 'NONE', #1579, 39.37007874015748854 ) ;
#1513 = CARTESIAN_POINT ( 'NONE',  ( 5.422515834400123858, 3.062500000000061728, 0.006889763779527552021 ) ) ;
#1514 = CARTESIAN_POINT ( 'NONE',  ( -4.997122966432513635, 3.757540975686988638, -0.7089963532076476449 ) ) ;
#1515 = DIRECTION ( 'NONE',  ( 1.000000000000000000, 0.000000000000000000, 0.000000000000000000 ) ) ;
#1516 = CIRCLE ( 'NONE', #250, 6.250000000000001776 ) ;
#1517 = LINE ( 'NONE', #867, #1474 ) ;
#1518 = DIRECTION ( 'NONE',  ( -1.387778780781445922E-16, -1.000000000000000000, 0.000000000000000000 ) ) ;
#1519 = AXIS2_PLACEMENT_3D ( 'NONE', #1497, #2339, #1679 ) ;
#1520 = AXIS2_PLACEMENT_3D ( 'NONE', #141, #2092, #765 ) ;
#1521 = EDGE_LOOP ( 'NONE', ( #2710, #139, #468, #1081 ) ) ;
#1522 = EDGE_LOOP ( 'NONE', ( #2477, #2335, #2537, #362, #1872 ) ) ;
#1523 = CIRCLE ( 'NONE', #295, 0.09842519685039378963 ) ;
#1524 = CARTESIAN_POINT ( 'NONE',  ( -0.4924038765061000134, 0.08682408883346263984, -1.062500000000000000 ) ) ;
#1525 = ADVANCED_FACE ( 'NONE', ( #2624 ), #1114, .T. ) ;
#1526 = EDGE_CURVE ( 'NONE', #1568, #2367, #1992, .T. ) ;
#1527 = ORIENTED_EDGE ( 'NONE', *, *, #2123, .F. ) ;
#1528 = ADVANCED_FACE ( 'NONE', ( #515 ), #683, .F. ) ;
#1529 = DIRECTION ( 'NONE',  ( -0.000000000000000000, -0.000000000000000000, 1.000000000000000000 ) ) ;
#1530 = DIRECTION ( 'NONE',  ( 1.000000000000000000, 0.000000000000000000, 0.000000000000000000 ) ) ;
#1531 = CARTESIAN_POINT ( 'NONE',  ( -0.9209469767211452274, 6.184028524488079270, -0.3546403174002197289 ) ) ;
#1532 = CARTESIAN_POINT ( 'NONE',  ( 0.06250000000000000000, 5.324999999999999289, -1.062500000000000000 ) ) ;
#1533 = CYLINDRICAL_SURFACE ( 'NONE', #959, 0.06692913385826690376 ) ;
#1534 = VERTEX_POINT ( 'NONE', #1800 ) ;
#1535 = DIRECTION ( 'NONE',  ( 1.000000000000000000, 0.000000000000000000, 0.000000000000000000 ) ) ;
#1536 = ORIENTED_EDGE ( 'NONE', *, *, #2594, .T. ) ;
#1537 = DIRECTION ( 'NONE',  ( 1.000000000000000000, 0.000000000000000000, 0.000000000000000000 ) ) ;
#1538 = EDGE_CURVE ( 'NONE', #2066, #2748, #885, .T. ) ;
#1539 = ADVANCED_FACE ( 'NONE', ( #2110 ), #1247, .F. ) ;
#1540 = ORIENTED_EDGE ( 'NONE', *, *, #1117, .F. ) ;
#1541 = DIRECTION ( 'NONE',  ( 1.000000000000000000, 0.000000000000000000, 0.000000000000000000 ) ) ;
#1542 = ORIENTED_EDGE ( 'NONE', *, *, #243, .T. ) ;
#1543 = EDGE_CURVE ( 'NONE', #1388, #1457, #193, .T. ) ;
#1544 = DIRECTION ( 'NONE',  ( -0.000000000000000000, -0.000000000000000000, 1.000000000000000000 ) ) ;
#1545 = CARTESIAN_POINT ( 'NONE',  ( 5.584590236732155155, 2.045760104656049183, -0.02622955725494642565 ) ) ;
#1546 = VERTEX_POINT ( 'NONE', #2313 ) ;
#1547 = DIRECTION ( 'NONE',  ( 0.000000000000000000, 0.000000000000000000, 1.000000000000000000 ) ) ;
#1548 = DIRECTION ( 'NONE',  ( -1.000000000000000000, 0.000000000000000000, 0.000000000000000000 ) ) ;
#1549 = VERTEX_POINT ( 'NONE', #143 ) ;
#1550 = CYLINDRICAL_SURFACE ( 'NONE', #2693, 0.06692913385826690376 ) ;
#1551 = EDGE_CURVE ( 'NONE', #872, #92, #2730, .T. ) ;
#1552 = EDGE_LOOP ( 'NONE', ( #502, #2407, #1897, #426 ) ) ;
#1553 = CLOSED_SHELL ( 'NONE', ( #1087, #626, #737, #2188, #2331, #908, #1839, #1317, #1284, #980, #1433, #1374, #1806, #1626, #2081, #1037, #1204, #2560, #2345, #1898, #2385, #2628, #1608, #977, #1315, #551, #1702, #1525, #1052, #622, #733, #2581, #83, #1360, #5, #1017, #145, #2617, #27, #1447, #830, #1072, #275, #791, #2103, #40, #1030, #414, #924, #1097, #2425, #2321, #729, #260, #697, #2297, #1953, #572, #1528, #397, #2470, #1750, #956, #2526, #2351, #1246, #1022, #1880, #1965, #1621, #1270, #1851, #1487, #1856, #544, #2680, #2180, #1978, #1940, #1539, #935, #529, #2665, #1240 ) ) ;
#1554 = DIRECTION ( 'NONE',  ( 1.000000000000000000, 0.000000000000000000, 0.000000000000000000 ) ) ;
#1555 = DIRECTION ( 'NONE',  ( -0.000000000000000000, -0.000000000000000000, 1.000000000000000000 ) ) ;
#1556 = AXIS2_PLACEMENT_3D ( 'NONE', #2487, #2467, #819 ) ;
#1557 = ORIENTED_EDGE ( 'NONE', *, *, #1465, .F. ) ;
#1558 = CIRCLE ( 'NONE', #2608, 6.250000000000002665 ) ;
#1559 = FACE_OUTER_BOUND ( 'NONE', #1207, .T. ) ;
#1560 = EDGE_LOOP ( 'NONE', ( #1363, #1140, #1378, #2098, #2206, #1540, #124, #741, #1986, #73, #797, #2171, #201, #1766, #1262, #2503 ) ) ;
#1561 = EDGE_CURVE ( 'NONE', #1393, #245, #1144, .T. ) ;
#1562 = AXIS2_PLACEMENT_3D ( 'NONE', #1956, #399, #1734 ) ;
#1563 = AXIS2_PLACEMENT_3D ( 'NONE', #796, #353, #1884 ) ;
#1564 = CIRCLE ( 'NONE', #518, 0.09842519685039378963 ) ;
#1565 = DIRECTION ( 'NONE',  ( -0.000000000000000000, -0.000000000000000000, 1.000000000000000000 ) ) ;
#1566 = CIRCLE ( 'NONE', #1111, 0.06692913385826779193 ) ;
#1567 = DIRECTION ( 'NONE',  ( 1.000000000000000000, 0.000000000000000000, 0.000000000000000000 ) ) ;
#1568 = VERTEX_POINT ( 'NONE', #1900 ) ;
#1569 = EDGE_CURVE ( 'NONE', #92, #1242, #2312, .T. ) ;
#1570 = CARTESIAN_POINT ( 'NONE',  ( -5.683244789058336188, -2.600620823503740464, -1.062500000000000000 ) ) ;
#1571 = CARTESIAN_POINT ( 'NONE',  ( 0.000000000000000000, 0.000000000000000000, -0.07874015748031612527 ) ) ;
#1572 = CARTESIAN_POINT ( 'NONE',  ( 0.000000000000000000, 0.000000000000000000, -1.062500000000000000 ) ) ;
#1573 = EDGE_CURVE ( 'NONE', #2330, #2306, #1187, .T. ) ;
#1574 = ORIENTED_EDGE ( 'NONE', *, *, #309, .F. ) ;
#1575 = CARTESIAN_POINT ( 'NONE',  ( -5.702068808249091347, 2.607472206178389040, -1.062500000000000000 ) ) ;
#1576 = CYLINDRICAL_SURFACE ( 'NONE', #1233, 6.000000000000000888 ) ;
#1577 = EDGE_CURVE ( 'NONE', #655, #2689, #380, .T. ) ;
#1578 = LINE ( 'NONE', #1793, #2397 ) ;
#1579 = DIRECTION ( 'NONE',  ( -0.9396926207859030988, -0.3420201433256830348, 0.000000000000000000 ) ) ;
#1580 = DIRECTION ( 'NONE',  ( -0.5000000000000101030, 0.8660254037844328234, 0.000000000000000000 ) ) ;
#1581 = CARTESIAN_POINT ( 'NONE',  ( -5.304405598179672943, -3.062500000000024869, 0.1250000000000000000 ) ) ;
#1582 = ORIENTED_EDGE ( 'NONE', *, *, #1503, .F. ) ;
#1583 = CARTESIAN_POINT ( 'NONE',  ( -5.571620824810601391, -2.231798871026967834, -0.4071465513891701637 ) ) ;
#1584 = DIRECTION ( 'NONE',  ( 0.7660444431189727954, 0.6427876096865454691, 0.000000000000000000 ) ) ;
#1585 = ORIENTED_EDGE ( 'NONE', *, *, #685, .F. ) ;
#1586 = DIRECTION ( 'NONE',  ( -0.000000000000000000, -0.000000000000000000, 1.000000000000000000 ) ) ;
#1587 = ORIENTED_EDGE ( 'NONE', *, *, #116, .F. ) ;
#1588 = EDGE_CURVE ( 'NONE', #232, #848, #1054, .T. ) ;
#1589 = DIRECTION ( 'NONE',  ( 0.000000000000000000, -0.4257970363298793637, 0.9048187022009942515 ) ) ;
#1590 = FACE_OUTER_BOUND ( 'NONE', #1211, .T. ) ;
#1591 = ORIENTED_EDGE ( 'NONE', *, *, #194, .T. ) ;
#1592 = CARTESIAN_POINT ( 'NONE',  ( -5.304405598179693371, 3.062499999999988010, 0.1250000000000000000 ) ) ;
#1593 = CARTESIAN_POINT ( 'NONE',  ( 5.109171574336849986, 3.634400338981426337, -1.062500000000000000 ) ) ;
#1594 = CIRCLE ( 'NONE', #2137, 0.06692913385826690376 ) ;
#1595 = EDGE_LOOP ( 'NONE', ( #205, #2600, #2410, #1310 ) ) ;
#1596 = LINE ( 'NONE', #307, #1605 ) ;
#1597 = ORIENTED_EDGE ( 'NONE', *, *, #514, .F. ) ;
#1598 = CIRCLE ( 'NONE', #58, 0.1181102362204724254 ) ;
#1599 = CIRCLE ( 'NONE', #1294, 0.1181102362204725503 ) ;
#1600 = CARTESIAN_POINT ( 'NONE',  ( -1.614173228346456490, -2.077755905511810219, 0.07500000000000014988 ) ) ;
#1601 = EDGE_CURVE ( 'NONE', #2636, #1834, #2525, .T. ) ;
#1602 = VECTOR ( 'NONE', #1906, 39.37007874015748143 ) ;
#1603 = DIRECTION ( 'NONE',  ( 1.000000000000000000, 0.000000000000000000, 0.000000000000000000 ) ) ;
#1604 = DIRECTION ( 'NONE',  ( 1.000000000000000000, 0.000000000000000000, 0.000000000000000000 ) ) ;
#1605 = VECTOR ( 'NONE', #1167, 39.37007874015748143 ) ;
#1606 = VERTEX_POINT ( 'NONE', #401 ) ;
#1607 = ORIENTED_EDGE ( 'NONE', *, *, #1278, .F. ) ;
#1608 = ADVANCED_FACE ( 'NONE', ( #1917, #2708 ), #846, .T. ) ;
#1609 = FACE_OUTER_BOUND ( 'NONE', #251, .T. ) ;
#1610 = DIRECTION ( 'NONE',  ( 0.000000000000000000, 0.000000000000000000, 1.000000000000000000 ) ) ;
#1611 = DIRECTION ( 'NONE',  ( 0.000000000000000000, 0.000000000000000000, 1.000000000000000000 ) ) ;
#1612 = DIRECTION ( 'NONE',  ( -0.5000000000000101030, 0.8660254037844328234, 0.000000000000000000 ) ) ;
#1613 = ORIENTED_EDGE ( 'NONE', *, *, #1916, .F. ) ;
#1614 = CARTESIAN_POINT ( 'NONE',  ( 0.000000000000000000, 0.000000000000000000, 0.000000000000000000 ) ) ;
#1615 = ORIENTED_EDGE ( 'NONE', *, *, #1107, .F. ) ;
#1616 = EDGE_LOOP ( 'NONE', ( #503, #2498 ) ) ;
#1617 = DIRECTION ( 'NONE',  ( 1.000000000000000000, 0.000000000000000000, 0.000000000000000000 ) ) ;
#1618 = FACE_OUTER_BOUND ( 'NONE', #66, .T. ) ;
#1619 = DIRECTION ( 'NONE',  ( -0.000000000000000000, -0.000000000000000000, 1.000000000000000000 ) ) ;
#1620 = ORIENTED_EDGE ( 'NONE', *, *, #2457, .F. ) ;
#1621 = ADVANCED_FACE ( 'NONE', ( #2139 ), #2509, .F. ) ;
#1622 = ORIENTED_EDGE ( 'NONE', *, *, #482, .T. ) ;
#1623 = CARTESIAN_POINT ( 'NONE',  ( -5.186295361959221140, 3.062499999999988010, 0.006889763779527552021 ) ) ;
#1624 = CARTESIAN_POINT ( 'NONE',  ( -1.614173228346456490, -1.979330708661416471, 0.1250000000000000000 ) ) ;
#1625 = DIRECTION ( 'NONE',  ( -0.4999999999999979461, -0.8660254037844398178, 0.000000000000000000 ) ) ;
#1626 = ADVANCED_FACE ( 'NONE', ( #2443 ), #579, .F. ) ;
#1627 = ORIENTED_EDGE ( 'NONE', *, *, #1163, .T. ) ;
#1628 = DIRECTION ( 'NONE',  ( -0.9396926207859056523, -0.3420201433256764290, 0.000000000000000000 ) ) ;
#1629 = ORIENTED_EDGE ( 'NONE', *, *, #2394, .T. ) ;
#1630 = DIRECTION ( 'NONE',  ( 1.000000000000000000, 0.000000000000000000, 0.000000000000000000 ) ) ;
#1631 = CARTESIAN_POINT ( 'NONE',  ( -5.447534617200246565, -2.514829337033623435, -1.062500000000000000 ) ) ;
#1632 = ORIENTED_EDGE ( 'NONE', *, *, #2582, .T. ) ;
#1633 = DIRECTION ( 'NONE',  ( 1.000000000000000000, 0.000000000000000000, 0.000000000000000000 ) ) ;
#1634 = CARTESIAN_POINT ( 'NONE',  ( 0.000000000000000000, 0.000000000000000000, -1.062500000000000000 ) ) ;
#1635 = ORIENTED_EDGE ( 'NONE', *, *, #332, .T. ) ;
#1636 = CYLINDRICAL_SURFACE ( 'NONE', #696, 0.1181102362204725503 ) ;
#1637 = CARTESIAN_POINT ( 'NONE',  ( 0.000000000000000000, 6.000000000000000888, -1.062500000000000000 ) ) ;
#1638 = ORIENTED_EDGE ( 'NONE', *, *, #1503, .T. ) ;
#1639 = VERTEX_POINT ( 'NONE', #1171 ) ;
#1640 = DIRECTION ( 'NONE',  ( -0.000000000000000000, -0.000000000000000000, 1.000000000000000000 ) ) ;
#1641 = VECTOR ( 'NONE', #2405, 39.37007874015748143 ) ;
#1642 = EDGE_LOOP ( 'NONE', ( #220, #1478, #1777, #681 ) ) ;
#1643 = DIRECTION ( 'NONE',  ( 0.6029076421267901553, -0.3694622782708776865, -0.7071067811865523467 ) ) ;
#1644 = AXIS2_PLACEMENT_3D ( 'NONE', #1269, #2311, #2732 ) ;
#1645 = EDGE_CURVE ( 'NONE', #1085, #1919, #657, .T. ) ;
#1646 = CARTESIAN_POINT ( 'NONE',  ( 5.371334732037917448, 3.062500000000061728, 0.1250000000000000000 ) ) ;
#1647 = AXIS2_PLACEMENT_3D ( 'NONE', #1681, #1619, #323 ) ;
#1648 = DIRECTION ( 'NONE',  ( -0.000000000000000000, -0.000000000000000000, 1.000000000000000000 ) ) ;
#1649 = VECTOR ( 'NONE', #707, 39.37007874015748143 ) ;
#1650 = DIRECTION ( 'NONE',  ( 1.000000000000000000, 0.000000000000000000, 0.000000000000000000 ) ) ;
#1651 = ORIENTED_EDGE ( 'NONE', *, *, #1755, .F. ) ;
#1652 = VECTOR ( 'NONE', #1283, 39.37007874015748854 ) ;
#1653 = ORIENTED_EDGE ( 'NONE', *, *, #719, .T. ) ;
#1654 = DIRECTION ( 'NONE',  ( 1.000000000000000000, 0.000000000000000000, 0.000000000000000000 ) ) ;
#1655 = CIRCLE ( 'NONE', #2001, 0.09842519685039378963 ) ;
#1656 = DIRECTION ( 'NONE',  ( 1.000000000000000000, 0.000000000000000000, 0.000000000000000000 ) ) ;
#1657 = EDGE_CURVE ( 'NONE', #270, #802, #320, .T. ) ;
#1658 = EDGE_LOOP ( 'NONE', ( #2596, #954, #2120, #2082 ) ) ;
#1659 = CARTESIAN_POINT ( 'NONE',  ( 0.1710100716628363271, -0.4698463103929476081, -1.062500000000000000 ) ) ;
#1660 = CARTESIAN_POINT ( 'NONE',  ( -5.304405598179693371, 3.062499999999988010, 0.1250000000000000000 ) ) ;
#1661 = ORIENTED_EDGE ( 'NONE', *, *, #2231, .F. ) ;
#1662 = FACE_OUTER_BOUND ( 'NONE', #171, .T. ) ;
#1663 = CARTESIAN_POINT ( 'NONE',  ( 1.005377942054139551, 5.915168230374432845, -0.07874015748032273110 ) ) ;
#1664 = VERTEX_POINT ( 'NONE', #718 ) ;
#1665 = EDGE_CURVE ( 'NONE', #1221, #987, #1578, .T. ) ;
#1666 = DIRECTION ( 'NONE',  ( 0.000000000000000000, 0.000000000000000000, 1.000000000000000000 ) ) ;
#1667 = FACE_OUTER_BOUND ( 'NONE', #2510, .T. ) ;
#1668 = ORIENTED_EDGE ( 'NONE', *, *, #1016, .F. ) ;
#1669 = ORIENTED_EDGE ( 'NONE', *, *, #1894, .T. ) ;
#1670 = CARTESIAN_POINT ( 'NONE',  ( -1.005377942054144880, 5.915168230374432845, -0.07874015748031609752 ) ) ;
#1671 = CARTESIAN_POINT ( 'NONE',  ( 0.08333860900557202300, 5.999565909414228848, -1.061577557505234859 ) ) ;
#1672 = CARTESIAN_POINT ( 'NONE',  ( 0.000000000000000000, 0.000000000000000000, -0.07874015748031612527 ) ) ;
#1673 = CARTESIAN_POINT ( 'NONE',  ( -0.1181102362204724254, -6.125000000000000000, 0.006889763779527552021 ) ) ;
#1674 = ORIENTED_EDGE ( 'NONE', *, *, #2263, .T. ) ;
#1675 = CARTESIAN_POINT ( 'NONE',  ( 0.1181102362204724532, -6.125000000000000000, 0.1250000000000000000 ) ) ;
#1676 = CARTESIAN_POINT ( 'NONE',  ( 5.752687423922132837, 2.448864946921769370, -0.7089963532076486441 ) ) ;
#1677 = EDGE_CURVE ( 'NONE', #944, #1426, #554, .T. ) ;
#1678 = DIRECTION ( 'NONE',  ( -0.000000000000000000, -0.000000000000000000, 1.000000000000000000 ) ) ;
#1679 = DIRECTION ( 'NONE',  ( 0.5000000000000041078, -0.8660254037844362651, 0.000000000000000000 ) ) ;
#1680 = EDGE_CURVE ( 'NONE', #1874, #1158, #2262, .T. ) ;
#1681 = CARTESIAN_POINT ( 'NONE',  ( 5.304405598179714687, -3.062499999999950706, 0.006889763779527552021 ) ) ;
#1682 = EDGE_LOOP ( 'NONE', ( #843, #1259, #495, #1128 ) ) ;
#1683 = DIRECTION ( 'NONE',  ( 0.000000000000000000, 0.000000000000000000, -1.000000000000000000 ) ) ;
#1684 = DIRECTION ( 'NONE',  ( 1.000000000000000000, 0.000000000000000000, 0.000000000000000000 ) ) ;
#1685 = VERTEX_POINT ( 'NONE', #2155 ) ;
#1686 = DIRECTION ( 'NONE',  ( 0.7660444431189817882, -0.6427876096865348110, 0.000000000000000000 ) ) ;
#1687 = ORIENTED_EDGE ( 'NONE', *, *, #1345, .T. ) ;
#1688 = DIRECTION ( 'NONE',  ( 1.000000000000000000, 0.000000000000000000, 0.000000000000000000 ) ) ;
#1689 = EDGE_LOOP ( 'NONE', ( #1008, #1669, #542, #999 ) ) ;
#1690 = CIRCLE ( 'NONE', #24, 0.1499999999999998557 ) ;
#1691 = CARTESIAN_POINT ( 'NONE',  ( 0.000000000000000000, 6.125000000000000000, 0.1250000000000000000 ) ) ;
#1692 = DIRECTION ( 'NONE',  ( 0.000000000000000000, 0.000000000000000000, 1.000000000000000000 ) ) ;
#1693 = CIRCLE ( 'NONE', #325, 6.250000000000000000 ) ;
#1694 = EDGE_CURVE ( 'NONE', #126, #2748, #1945, .T. ) ;
#1695 = ORIENTED_EDGE ( 'NONE', *, *, #2063, .T. ) ;
#1696 = AXIS2_PLACEMENT_3D ( 'NONE', #44, #900, #2674 ) ;
#1697 = LINE ( 'NONE', #1273, #1019 ) ;
#1698 = DIRECTION ( 'NONE',  ( -0.000000000000000000, -0.000000000000000000, -1.000000000000000000 ) ) ;
#1699 = AXIS2_PLACEMENT_3D ( 'NONE', #2229, #1164, #1813 ) ;
#1700 = LINE ( 'NONE', #2114, #1290 ) ;
#1701 = B_SPLINE_CURVE_WITH_KNOTS ( 'NONE', 3,
 ( #2754, #2343, #2147, #637 ),
 .UNSPECIFIED., .F., .F.,
 ( 4, 4 ),
 ( 3.103167691559091397E-17, 0.002828738229628824114 ),
 .UNSPECIFIED. ) ;
#1702 = ADVANCED_FACE ( 'NONE', ( #12 ), #2566, .T. ) ;
#1703 = ORIENTED_EDGE ( 'NONE', *, *, #2015, .F. ) ;
#1704 = VECTOR ( 'NONE', #248, 39.37007874015748854 ) ;
#1705 = CARTESIAN_POINT ( 'NONE',  ( -0.6997674430427751613, -5.961057820709155131, -0.7352296516784612157 ) ) ;
#1706 = CARTESIAN_POINT ( 'NONE',  ( 5.625374926189947722, 2.086901276963872842, -0.07874015748031830408 ) ) ;
#1707 = CARTESIAN_POINT ( 'NONE',  ( 5.048703965309297104, -3.093849769026677965, 0.000000000000000000 ) ) ;
#1708 = ORIENTED_EDGE ( 'NONE', *, *, #897, .F. ) ;
#1709 = DIRECTION ( 'NONE',  ( 0.000000000000000000, 0.000000000000000000, -1.000000000000000000 ) ) ;
#1710 = DIRECTION ( 'NONE',  ( 1.000000000000000000, 3.384826294588890461E-16, 0.000000000000000000 ) ) ;
#1711 = ORIENTED_EDGE ( 'NONE', *, *, #1311, .T. ) ;
#1712 = AXIS2_PLACEMENT_3D ( 'NONE', #600, #1458, #2307 ) ;
#1713 = ORIENTED_EDGE ( 'NONE', *, *, #1130, .T. ) ;
#1714 = DIRECTION ( 'NONE',  ( 1.000000000000000000, 0.000000000000000000, 0.000000000000000000 ) ) ;
#1715 = CARTESIAN_POINT ( 'NONE',  ( -4.619996984135810614, -3.828266953410647488, -0.07874015748031422401 ) ) ;
#1716 = EDGE_CURVE ( 'NONE', #894, #1024, #2572, .T. ) ;
#1717 = CARTESIAN_POINT ( 'NONE',  ( -0.5894186957641506242, 6.222144775001921424, -1.062500000000000000 ) ) ;
#1718 = CARTESIAN_POINT ( 'NONE',  ( -1.712598425196850238, -2.077755905511810219, 0.1250000000000000000 ) ) ;
#1719 = EDGE_CURVE ( 'NONE', #2007, #1760, #750, .T. ) ;
#1720 = ORIENTED_EDGE ( 'NONE', *, *, #2476, .F. ) ;
#1721 = DIRECTION ( 'NONE',  ( 1.000000000000000000, 0.000000000000000000, 0.000000000000000000 ) ) ;
#1722 = EDGE_LOOP ( 'NONE', ( #1627, #1882, #1178, #745 ) ) ;
#1723 = ORIENTED_EDGE ( 'NONE', *, *, #2584, .F. ) ;
#1724 = CARTESIAN_POINT ( 'NONE',  ( 4.591991486687926560, 3.820901564638509829, -0.05247649278300995507 ) ) ;
#1725 = DIRECTION ( 'NONE',  ( -0.4999999999999980016, -0.8660254037844398178, 0.000000000000000000 ) ) ;
#1726 = CARTESIAN_POINT ( 'NONE',  ( 5.304405598179650738, 3.062500000000061728, -1.062500000000000000 ) ) ;
#1727 = FACE_OUTER_BOUND ( 'NONE', #1845, .T. ) ;
#1728 = FACE_OUTER_BOUND ( 'NONE', #2034, .T. ) ;
#1729 = CARTESIAN_POINT ( 'NONE',  ( -0.1250000000000000000, 5.919940297218905023, 0.000000000000000000 ) ) ;
#1730 = ORIENTED_EDGE ( 'NONE', *, *, #2639, .F. ) ;
#1731 = LINE ( 'NONE', #1476, #701 ) ;
#1732 = CARTESIAN_POINT ( 'NONE',  ( 5.237476464321446201, -3.062499999999950706, 0.006889763779527552021 ) ) ;
#1733 = EDGE_LOOP ( 'NONE', ( #1342, #2515 ) ) ;
#1734 = DIRECTION ( 'NONE',  ( 1.000000000000000000, 0.000000000000000000, 0.000000000000000000 ) ) ;
#1735 = EDGE_CURVE ( 'NONE', #2105, #2681, #1191, .T. ) ;
#1736 = AXIS2_PLACEMENT_3D ( 'NONE', #1399, #1795, #936 ) ;
#1737 = VERTEX_POINT ( 'NONE', #2175 ) ;
#1738 = CIRCLE ( 'NONE', #608, 6.000000000000000000 ) ;
#1739 = CARTESIAN_POINT ( 'NONE',  ( 4.619996984135783968, 3.828266953410676354, -0.07874015748031615303 ) ) ;
#1740 = LINE ( 'NONE', #2751, #834 ) ;
#1741 = FACE_BOUND ( 'NONE', #1912, .T. ) ;
#1742 = CARTESIAN_POINT ( 'NONE',  ( -0.06250000000000000000, 5.211358901432945778, -2.731847993664263218E-16 ) ) ;
#1743 = AXIS2_PLACEMENT_3D ( 'NONE', #500, #1758, #1554 ) ;
#1744 = EDGE_CURVE ( 'NONE', #1847, #231, #2377, .T. ) ;
#1745 = ORIENTED_EDGE ( 'NONE', *, *, #2675, .F. ) ;
#1746 = CARTESIAN_POINT ( 'NONE',  ( 0.000000000000000000, 6.000000000000000888, -1.062500000000000000 ) ) ;
#1747 = EDGE_LOOP ( 'NONE', ( #2553, #485, #48, #272, #180 ) ) ;
#1748 = VECTOR ( 'NONE', #1274, 39.37007874015748143 ) ;
#1749 = EDGE_CURVE ( 'NONE', #1393, #92, #192, .T. ) ;
#1750 = ADVANCED_FACE ( 'NONE', ( #415 ), #1915, .F. ) ;
#1751 = ORIENTED_EDGE ( 'NONE', *, *, #1483, .T. ) ;
#1752 = CARTESIAN_POINT ( 'NONE',  ( -5.304405598179693371, 3.062499999999988010, -1.062500000000000000 ) ) ;
#1753 = ORIENTED_EDGE ( 'NONE', *, *, #2597, .F. ) ;
#1754 = CARTESIAN_POINT ( 'NONE',  ( 5.304405598179650738, 3.062500000000061728, 0.1250000000000000000 ) ) ;
#1755 = EDGE_CURVE ( 'NONE', #1858, #1113, #2027, .T. ) ;
#1756 = VERTEX_POINT ( 'NONE', #732 ) ;
#1757 = EDGE_CURVE ( 'NONE', #2086, #430, #254, .T. ) ;
#1758 = DIRECTION ( 'NONE',  ( -0.000000000000000000, -0.000000000000000000, 1.000000000000000000 ) ) ;
#1759 = CARTESIAN_POINT ( 'NONE',  ( -1.712598425196850238, -2.077755905511810219, 0.07500000000000014988 ) ) ;
#1760 = VERTEX_POINT ( 'NONE', #824 ) ;
#1761 = DIRECTION ( 'NONE',  ( -0.000000000000000000, -0.000000000000000000, -1.000000000000000000 ) ) ;
#1762 = ORIENTED_EDGE ( 'NONE', *, *, #1949, .F. ) ;
#1763 = EDGE_CURVE ( 'NONE', #1891, #306, #2314, .T. ) ;
#1764 = AXIS2_PLACEMENT_3D ( 'NONE', #138, #675, #464 ) ;
#1765 = CARTESIAN_POINT ( 'NONE',  ( -1.614173228346456712, -4.144685039370077817, 0.1250000000000000000 ) ) ;
#1766 = ORIENTED_EDGE ( 'NONE', *, *, #1032, .F. ) ;
#1767 = EDGE_CURVE ( 'NONE', #1980, #2646, #2108, .T. ) ;
#1768 = CIRCLE ( 'NONE', #1285, 0.06692913385826690376 ) ;
#1769 = FACE_OUTER_BOUND ( 'NONE', #2187, .T. ) ;
#1770 = DIRECTION ( 'NONE',  ( -0.000000000000000000, -0.000000000000000000, 1.000000000000000000 ) ) ;
#1771 = CONICAL_SURFACE ( 'NONE', #560, 6.000000000000000888, 0.7853981633974344012 ) ;
#1772 = DIRECTION ( 'NONE',  ( -0.000000000000000000, 0.000000000000000000, -1.000000000000000000 ) ) ;
#1773 = EDGE_CURVE ( 'NONE', #714, #1756, #161, .T. ) ;
#1774 = EDGE_LOOP ( 'NONE', ( #593, #1816, #2489, #2166 ) ) ;
#1775 = AXIS2_PLACEMENT_3D ( 'NONE', #582, #1425, #1248 ) ;
#1776 = LINE ( 'NONE', #1575, #661 ) ;
#1777 = ORIENTED_EDGE ( 'NONE', *, *, #1786, .T. ) ;
#1778 = AXIS2_PLACEMENT_3D ( 'NONE', #665, #226, #1530 ) ;
#1779 = AXIS2_PLACEMENT_3D ( 'NONE', #1969, #38, #1548 ) ;
#1780 = VECTOR ( 'NONE', #1529, 39.37007874015748143 ) ;
#1781 = DIRECTION ( 'NONE',  ( -0.000000000000000000, -0.000000000000000000, 1.000000000000000000 ) ) ;
#1782 = DIRECTION ( 'NONE',  ( 0.000000000000000000, 0.000000000000000000, 1.000000000000000000 ) ) ;
#1783 = CARTESIAN_POINT ( 'NONE',  ( 5.115840986124580603, -3.134991388295649273, -1.062500000000000000 ) ) ;
#1784 = EDGE_LOOP ( 'NONE', ( #2047, #614, #2012, #2458 ) ) ;
#1785 = ORIENTED_EDGE ( 'NONE', *, *, #2582, .F. ) ;
#1786 = EDGE_CURVE ( 'NONE', #11, #2293, #1849, .T. ) ;
#1787 = CARTESIAN_POINT ( 'NONE',  ( -4.901673400653586476, -3.460288697973785244, -1.062500000000000000 ) ) ;
#1788 = CARTESIAN_POINT ( 'NONE',  ( 5.371334732037982285, -3.062499999999950706, 0.006889763779527552021 ) ) ;
#1789 = ADVANCED_BREP_SHAPE_REPRESENTATION ( 'FrameBack', ( #507, #1428 ), #1479 ) ;
#1790 = ORIENTED_EDGE ( 'NONE', *, *, #1201, .F. ) ;
#1791 = CARTESIAN_POINT ( 'NONE',  ( 1.085301110418299686, 6.155048456326303707, 0.000000000000000000 ) ) ;
#1792 = ORIENTED_EDGE ( 'NONE', *, *, #2197, .F. ) ;
#1793 = CARTESIAN_POINT ( 'NONE',  ( -0.1250000000000000000, 6.000000000000000888, -1.062500000000000000 ) ) ;
#1794 =( BOUNDED_CURVE ( )  B_SPLINE_CURVE ( 3, ( #1281, #443, #641, #1746 ),
 .UNSPECIFIED., .F., .T. ) 
 B_SPLINE_CURVE_WITH_KNOTS ( ( 4, 4 ),
 ( 3.120757812921145291, 3.141592653589793116 ),
 .UNSPECIFIED. ) 
 CURVE ( )  GEOMETRIC_REPRESENTATION_ITEM ( )  RATIONAL_B_SPLINE_CURVE ( ( 1.000000000000000000, 0.9999638261116682303, 0.9999638261116682303, 1.000000000000000000 ) ) 
 REPRESENTATION_ITEM ( '' )  );
#1795 = DIRECTION ( 'NONE',  ( 0.000000000000000000, 0.000000000000000000, -1.000000000000000000 ) ) ;
#1796 = CARTESIAN_POINT ( 'NONE',  ( -1.614173228346456490, -1.979330708661416471, 0.07500000000000014988 ) ) ;
#1797 = ORIENTED_EDGE ( 'NONE', *, *, #2136, .F. ) ;
#1798 = ORIENTED_EDGE ( 'NONE', *, *, #1538, .F. ) ;
#1799 = CARTESIAN_POINT ( 'NONE',  ( 0.000000000000000000, 0.000000000000000000, 0.000000000000000000 ) ) ;
#1800 = CARTESIAN_POINT ( 'NONE',  ( 0.06250000000000000000, 5.211358901432945778, -2.731847993664263218E-16 ) ) ;
#1801 = FACE_OUTER_BOUND ( 'NONE', #952, .T. ) ;
#1802 = CARTESIAN_POINT ( 'NONE',  ( 0.000000000000000000, 5.075000000000000178, 0.000000000000000000 ) ) ;
#1803 = ORIENTED_EDGE ( 'NONE', *, *, #1735, .F. ) ;
#1804 = CARTESIAN_POINT ( 'NONE',  ( 1.712598425196850238, -2.077755905511810663, 0.1250000000000000000 ) ) ;
#1805 = EDGE_LOOP ( 'NONE', ( #964, #1785 ) ) ;
#1806 = ADVANCED_FACE ( 'NONE', ( #2261 ), #1459, .F. ) ;
#1807 = DIRECTION ( 'NONE',  ( -0.000000000000000000, -0.000000000000000000, -1.000000000000000000 ) ) ;
#1808 = EDGE_CURVE ( 'NONE', #2636, #1388, #2049, .T. ) ;
#1809 = DIRECTION ( 'NONE',  ( -1.000000000000000000, 0.000000000000000000, -0.000000000000000000 ) ) ;
#1810 = DIRECTION ( 'NONE',  ( 0.000000000000000000, 0.000000000000000000, 1.000000000000000000 ) ) ;
#1811 = ORIENTED_EDGE ( 'NONE', *, *, #2714, .F. ) ;
#1812 = VECTOR ( 'NONE', #2256, 39.37007874015748143 ) ;
#1813 = DIRECTION ( 'NONE',  ( 1.000000000000000000, 0.000000000000000000, 0.000000000000000000 ) ) ;
#1814 = DIRECTION ( 'NONE',  ( 0.000000000000000000, 0.000000000000000000, 1.000000000000000000 ) ) ;
#1815 = STYLED_ITEM ( 'NONE', ( #2678 ), #507 ) ;
#1816 = ORIENTED_EDGE ( 'NONE', *, *, #2142, .T. ) ;
#1817 = DIRECTION ( 'NONE',  ( 1.000000000000000000, 0.000000000000000000, 0.000000000000000000 ) ) ;
#1818 = ORIENTED_EDGE ( 'NONE', *, *, #1757, .T. ) ;
#1819 = VECTOR ( 'NONE', #2673, 39.37007874015748143 ) ;
#1820 = AXIS2_PLACEMENT_3D ( 'NONE', #1572, #725, #1612 ) ;
#1821 = ORIENTED_EDGE ( 'NONE', *, *, #1311, .F. ) ;
#1822 = CARTESIAN_POINT ( 'NONE',  ( 1.020614897685292011, -5.859277067064609490, -0.02622955725494541951 ) ) ;
#1823 = EDGE_CURVE ( 'NONE', #556, #915, #2356, .T. ) ;
#1824 = VECTOR ( 'NONE', #479, 39.37007874015748143 ) ;
#1825 = ORIENTED_EDGE ( 'NONE', *, *, #1465, .T. ) ;
#1826 = CYLINDRICAL_SURFACE ( 'NONE', #1366, 0.1499999999999998557 ) ;
#1827 = EDGE_CURVE ( 'NONE', #417, #1829, #450, .T. ) ;
#1828 = CIRCLE ( 'NONE', #1253, 6.250000000000000000 ) ;
#1829 = VERTEX_POINT ( 'NONE', #1663 ) ;
#1830 = CARTESIAN_POINT ( 'NONE',  ( -5.304405598179672943, -3.062500000000024869, -1.062500000000000000 ) ) ;
#1831 = DIRECTION ( 'NONE',  ( -0.000000000000000000, -0.000000000000000000, -1.000000000000000000 ) ) ;
#1832 = CARTESIAN_POINT ( 'NONE',  ( 0.000000000000000000, 0.000000000000000000, -1.062500000000000000 ) ) ;
#1833 = ORIENTED_EDGE ( 'NONE', *, *, #2021, .T. ) ;
#1834 = VERTEX_POINT ( 'NONE', #383 ) ;
#1835 = ORIENTED_EDGE ( 'NONE', *, *, #1763, .F. ) ;
#1836 = DIRECTION ( 'NONE',  ( -0.000000000000000000, -0.000000000000000000, 1.000000000000000000 ) ) ;
#1837 = EDGE_LOOP ( 'NONE', ( #2602, #2033, #1622, #302 ) ) ;
#1839 = ADVANCED_FACE ( 'NONE', ( #2728 ), #1023, .F. ) ;
#1838 = CARTESIAN_POINT ( 'NONE',  ( 0.1250000000000000000, 5.998697775350914085, -1.062500000000000000 ) ) ;
#1840 = EDGE_LOOP ( 'NONE', ( #2060, #1400 ) ) ;
#1841 = EDGE_LOOP ( 'NONE', ( #949, #395, #378, #1369 ) ) ;
#1842 = CARTESIAN_POINT ( 'NONE',  ( 5.272902675971828934, -2.862952561557588371, -1.062500000000000000 ) ) ;
#1843 = CARTESIAN_POINT ( 'NONE',  ( 5.571620824810583628, 2.231798871027006470, -0.4071465513891718291 ) ) ;
#1844 = EDGE_CURVE ( 'NONE', #231, #1084, #794, .T. ) ;
#1845 = EDGE_LOOP ( 'NONE', ( #1821, #728, #1632, #1972 ) ) ;
#1846 = CARTESIAN_POINT ( 'NONE',  ( 0.000000000000000000, 0.000000000000000000, -1.062500000000000000 ) ) ;
#1847 = VERTEX_POINT ( 'NONE', #1911 ) ;
#1848 = CARTESIAN_POINT ( 'NONE',  ( -0.5458612165466554256, 5.975118035007360717, -1.062500000000000000 ) ) ;
#1849 = LINE ( 'NONE', #1646, #1147 ) ;
#1850 = DIRECTION ( 'NONE',  ( -1.000000000000000000, 0.000000000000000000, -0.000000000000000000 ) ) ;
#1851 = ADVANCED_FACE ( 'NONE', ( #616 ), #2324, .T. ) ;
#1852 = EDGE_LOOP ( 'NONE', ( #2638, #2376, #512, #1156 ) ) ;
#1853 = VERTEX_POINT ( 'NONE', #1631 ) ;
#1854 = CARTESIAN_POINT ( 'NONE',  ( -5.873078879911926897, 2.137625895785431052, 0.000000000000000000 ) ) ;
#1855 = DIRECTION ( 'NONE',  ( 0.000000000000000000, 0.000000000000000000, -1.000000000000000000 ) ) ;
#1856 = ADVANCED_FACE ( 'NONE', ( #552 ), #1413, .F. ) ;
#1857 = DIRECTION ( 'NONE',  ( 1.000000000000000000, 0.000000000000000000, 0.000000000000000000 ) ) ;
#1858 = VERTEX_POINT ( 'NONE', #129 ) ;
#1859 = ORIENTED_EDGE ( 'NONE', *, *, #1767, .F. ) ;
#1860 = FACE_OUTER_BOUND ( 'NONE', #2623, .T. ) ;
#1861 = EDGE_CURVE ( 'NONE', #2455, #270, #2435, .T. ) ;
#1862 = VECTOR ( 'NONE', #2451, 39.37007874015748143 ) ;
#1863 = EDGE_LOOP ( 'NONE', ( #348, #324 ) ) ;
#1864 = CARTESIAN_POINT ( 'NONE',  ( -1.614173228346456490, -2.077755905511810219, 0.1250000000000000000 ) ) ;
#1865 = AXIS2_PLACEMENT_3D ( 'NONE', #800, #1666, #2294 ) ;
#1866 = CARTESIAN_POINT ( 'NONE',  ( 5.873078879911897587, 2.137625895785512764, 0.000000000000000000 ) ) ;
#1867 = ORIENTED_EDGE ( 'NONE', *, *, #2136, .T. ) ;
#1868 = AXIS2_PLACEMENT_3D ( 'NONE', #1314, #1305, #1095 ) ;
#1869 = PLANE ( 'NONE',  #425 ) ;
#1870 = CIRCLE ( 'NONE', #2746, 6.000000000000000888 ) ;
#1871 = DIRECTION ( 'NONE',  ( -0.000000000000000000, -0.000000000000000000, 1.000000000000000000 ) ) ;
#1872 = ORIENTED_EDGE ( 'NONE', *, *, #237, .F. ) ;
#1873 = AXIS2_PLACEMENT_3D ( 'NONE', #2479, #2309, #336 ) ;
#1874 = VERTEX_POINT ( 'NONE', #2759 ) ;
#1875 = DIRECTION ( 'NONE',  ( -0.7660444431189773473, -0.6427876096865402511, 0.000000000000000000 ) ) ;
#1876 = AXIS2_PLACEMENT_3D ( 'NONE', #1799, #478, #1122 ) ;
#1877 = CARTESIAN_POINT ( 'NONE',  ( -5.237476464321404457, -3.062500000000024869, 0.006889763779527552021 ) ) ;
#1878 = ORIENTED_EDGE ( 'NONE', *, *, #660, .F. ) ;
#1879 = AXIS2_PLACEMENT_3D ( 'NONE', #2276, #352, #2222 ) ;
#1880 = ADVANCED_FACE ( 'NONE', ( #2173 ), #2579, .F. ) ;
#1881 = FACE_BOUND ( 'NONE', #1863, .T. ) ;
#1882 = ORIENTED_EDGE ( 'NONE', *, *, #2536, .T. ) ;
#1883 = CARTESIAN_POINT ( 'NONE',  ( 1.614173228346456490, -1.979330708661416915, 0.07500000000000014988 ) ) ;
#1884 = DIRECTION ( 'NONE',  ( 1.000000000000000000, 0.000000000000000000, 0.000000000000000000 ) ) ;
#1885 = EDGE_LOOP ( 'NONE', ( #315, #146, #1335, #773 ) ) ;
#1886 = DIRECTION ( 'NONE',  ( 1.000000000000000000, 0.000000000000000000, 0.000000000000000000 ) ) ;
#1887 = ORIENTED_EDGE ( 'NONE', *, *, #1130, .F. ) ;
#1888 = ORIENTED_EDGE ( 'NONE', *, *, #1327, .F. ) ;
#1889 = DIRECTION ( 'NONE',  ( -0.000000000000000000, -0.000000000000000000, -1.000000000000000000 ) ) ;
#1890 = DIRECTION ( 'NONE',  ( 0.1736481776669268062, -0.9848077530122085754, 0.000000000000000000 ) ) ;
#1891 = VERTEX_POINT ( 'NONE', #1732 ) ;
#1892 = CARTESIAN_POINT ( 'NONE',  ( -5.571620824810613826, 2.231798871026931419, -0.4071465513891729393 ) ) ;
#1893 = B_SPLINE_CURVE_WITH_KNOTS ( 'NONE', 3,
 ( #374, #1421, #134, #1223 ),
 .UNSPECIFIED., .F., .F.,
 ( 4, 4 ),
 ( 1.760016426419120312E-18, 0.002978958985904050973 ),
 .UNSPECIFIED. ) ;
#1894 = EDGE_CURVE ( 'NONE', #747, #1919, #413, .T. ) ;
#1895 = ORIENTED_EDGE ( 'NONE', *, *, #2023, .T. ) ;
#1896 = CARTESIAN_POINT ( 'NONE',  ( -4.901673400653610457, 3.460288697973750605, -1.062500000000000000 ) ) ;
#1897 = ORIENTED_EDGE ( 'NONE', *, *, #816, .T. ) ;
#1898 = ADVANCED_FACE ( 'NONE', ( #2152, #1943 ), #2744, .T. ) ;
#1899 = CARTESIAN_POINT ( 'NONE',  ( 0.000000000000000000, 5.324999999999999289, 0.000000000000000000 ) ) ;
#1900 = CARTESIAN_POINT ( 'NONE',  ( 6.250000000000000000, 7.654042494670957606E-16, 0.1250000000000000000 ) ) ;
#1901 = EDGE_CURVE ( 'NONE', #987, #1606, #1794, .T. ) ;
#1902 = ORIENTED_EDGE ( 'NONE', *, *, #1680, .F. ) ;
#1903 = CARTESIAN_POINT ( 'NONE',  ( -1.712598425196850238, -2.077755905511810219, 0.07500000000000014988 ) ) ;
#1904 = ORIENTED_EDGE ( 'NONE', *, *, #703, .F. ) ;
#1905 = DIRECTION ( 'NONE',  ( 0.000000000000000000, 0.000000000000000000, 1.000000000000000000 ) ) ;
#1906 = DIRECTION ( 'NONE',  ( -0.000000000000000000, -0.000000000000000000, -1.000000000000000000 ) ) ;
#1907 = CARTESIAN_POINT ( 'NONE',  ( 4.787777769493575697, 4.017422560540913956, 0.000000000000000000 ) ) ;
#1908 = DIRECTION ( 'NONE',  ( -0.000000000000000000, -0.000000000000000000, 1.000000000000000000 ) ) ;
#1909 = ORIENTED_EDGE ( 'NONE', *, *, #212, .T. ) ;
#1910 = DIRECTION ( 'NONE',  ( -0.1736481776669268340, -0.9848077530122085754, 0.000000000000000000 ) ) ;
#1911 = CARTESIAN_POINT ( 'NONE',  ( 5.492606954137320585, -2.982242251622488904, 0.000000000000000000 ) ) ;
#1912 = EDGE_LOOP ( 'NONE', ( #559, #317 ) ) ;
#1913 = CIRCLE ( 'NONE', #1135, 0.1181102362204724532 ) ;
#1914 = AXIS2_PLACEMENT_3D ( 'NONE', #742, #724, #2215 ) ;
#1915 = CYLINDRICAL_SURFACE ( 'NONE', #2705, 0.06250000000000000000 ) ;
#1916 = EDGE_CURVE ( 'NONE', #1321, #411, #112, .T. ) ;
#1917 = FACE_OUTER_BOUND ( 'NONE', #493, .T. ) ;
#1918 = CIRCLE ( 'NONE', #690, 6.000000000000001776 ) ;
#1919 = VERTEX_POINT ( 'NONE', #1506 ) ;
#1920 = AXIS2_PLACEMENT_3D ( 'NONE', #565, #2514, #1684 ) ;
#1921 = EDGE_CURVE ( 'NONE', #915, #2295, #883, .T. ) ;
#1922 = CARTESIAN_POINT ( 'NONE',  ( 1.013002076992626455, 5.887232063752882105, -0.05247649278300956649 ) ) ;
#1923 = CARTESIAN_POINT ( 'NONE',  ( 0.1250000000000000000, 5.998697775350914085, -1.059732772620690433 ) ) ;
#1924 = FACE_BOUND ( 'NONE', #174, .T. ) ;
#1925 = AXIS2_PLACEMENT_3D ( 'NONE', #1103, #858, #1068 ) ;
#1926 = PLANE ( 'NONE',  #33 ) ;
#1927 = CARTESIAN_POINT ( 'NONE',  ( -5.186295361959221140, 3.062499999999988010, 0.1250000000000000000 ) ) ;
#1928 = VECTOR ( 'NONE', #1062, 39.37007874015748143 ) ;
#1929 = EDGE_LOOP ( 'NONE', ( #446, #2196, #1723, #2592 ) ) ;
#1930 = DIRECTION ( 'NONE',  ( 1.000000000000000000, -8.462065736472232314E-17, 0.000000000000000000 ) ) ;
#1931 = DIRECTION ( 'NONE',  ( -0.000000000000000000, -0.000000000000000000, 1.000000000000000000 ) ) ;
#1932 = ORIENTED_EDGE ( 'NONE', *, *, #1278, .T. ) ;
#1933 = CONICAL_SURFACE ( 'NONE', #1712, 6.000000000000000888, 0.7853981633974415066 ) ;
#1934 = CARTESIAN_POINT ( 'NONE',  ( -1.614173228346456712, -4.046259842519684291, -3.977250342891675228 ) ) ;
#1935 = ORIENTED_EDGE ( 'NONE', *, *, #354, .T. ) ;
#1936 = CARTESIAN_POINT ( 'NONE',  ( 4.563975339046841384, 3.813516962408675326, -0.02622955725494516277 ) ) ;
#1937 = CARTESIAN_POINT ( 'NONE',  ( 0.000000000000000000, 0.000000000000000000, 0.000000000000000000 ) ) ;
#1938 = CARTESIAN_POINT ( 'NONE',  ( 0.1181102362204724254, -6.125000000000000000, 0.006889763779527552021 ) ) ;
#1939 = PLANE ( 'NONE',  #1181 ) ;
#1940 = ADVANCED_FACE ( 'NONE', ( #2363 ), #255, .F. ) ;
#1941 = VERTEX_POINT ( 'NONE', #2591 ) ;
#1942 = FACE_OUTER_BOUND ( 'NONE', #1841, .T. ) ;
#1943 = FACE_OUTER_BOUND ( 'NONE', #755, .T. ) ;
#1944 = ORIENTED_EDGE ( 'NONE', *, *, #776, .T. ) ;
#1945 = LINE ( 'NONE', #1106, #330 ) ;
#1946 = DIRECTION ( 'NONE',  ( -1.000000000000000000, 8.462065736472232314E-17, 0.000000000000000000 ) ) ;
#1947 = CYLINDRICAL_SURFACE ( 'NONE', #203, 0.06692913385826690376 ) ;
#1948 = FACE_BOUND ( 'NONE', #2434, .T. ) ;
#1949 = EDGE_CURVE ( 'NONE', #1437, #2067, #1423, .T. ) ;
#1950 = CYLINDRICAL_SURFACE ( 'NONE', #386, 0.06692913385826690376 ) ;
#1951 = CARTESIAN_POINT ( 'NONE',  ( 5.564164179771650787, 2.025190140007188333, 0.000000000000000000 ) ) ;
#1952 = ORIENTED_EDGE ( 'NONE', *, *, #2703, .F. ) ;
#1953 = ADVANCED_FACE ( 'NONE', ( #1309 ), #2549, .F. ) ;
#1954 = CARTESIAN_POINT ( 'NONE',  ( -1.614173228346456712, -4.144685039370077817, -3.977250342891675228 ) ) ;
#1955 = ORIENTED_EDGE ( 'NONE', *, *, #2354, .T. ) ;
#1956 = CARTESIAN_POINT ( 'NONE',  ( 0.000000000000000000, 5.075000000000000178, 0.1250000000000000000 ) ) ;
#1957 = VECTOR ( 'NONE', #808, 39.37007874015748143 ) ;
#1958 = AXIS2_PLACEMENT_3D ( 'NONE', #1571, #1611, #85 ) ;
#1959 = ORIENTED_EDGE ( 'NONE', *, *, #1569, .T. ) ;
#1960 = CARTESIAN_POINT ( 'NONE',  ( -0.06250000000000000000, 5.211358901432945778, -1.062500000000000000 ) ) ;
#1961 = DIRECTION ( 'NONE',  ( 1.000000000000000000, 0.000000000000000000, 0.000000000000000000 ) ) ;
#1962 = CIRCLE ( 'NONE', #2393, 6.250000000000000888 ) ;
#1963 = CARTESIAN_POINT ( 'NONE',  ( 0.1250000000000000000, 5.500000000000001776, 0.000000000000000000 ) ) ;
#1964 = VECTOR ( 'NONE', #1328, 39.37007874015748854 ) ;
#1965 = ADVANCED_FACE ( 'NONE', ( #1091 ), #2348, .F. ) ;
#1966 = VECTOR ( 'NONE', #2401, 39.37007874015748854 ) ;
#1967 = ORIENTED_EDGE ( 'NONE', *, *, #2719, .F. ) ;
#1968 = SHAPE_DEFINITION_REPRESENTATION ( #2586, #1789 ) ;
#1969 = CARTESIAN_POINT ( 'NONE',  ( 0.000000000000000000, 0.000000000000000000, -0.07874015748031830408 ) ) ;
#1970 = ORIENTED_EDGE ( 'NONE', *, *, #651, .F. ) ;
#1971 = CYLINDRICAL_SURFACE ( 'NONE', #1696, 0.1181102362204725503 ) ;
#1972 = ORIENTED_EDGE ( 'NONE', *, *, #1786, .F. ) ;
#1973 = DIRECTION ( 'NONE',  ( -0.000000000000000000, -0.000000000000000000, -1.000000000000000000 ) ) ;
#1974 = DIRECTION ( 'NONE',  ( 0.9396926207859030988, 0.3420201433256829793, 0.000000000000000000 ) ) ;
#1975 = ORIENTED_EDGE ( 'NONE', *, *, #1588, .F. ) ;
#1976 = ORIENTED_EDGE ( 'NONE', *, *, #717, .T. ) ;
#1977 = EDGE_CURVE ( 'NONE', #628, #2445, #2613, .T. ) ;
#1978 = ADVANCED_FACE ( 'NONE', ( #1320 ), #210, .F. ) ;
#1979 = CARTESIAN_POINT ( 'NONE',  ( 0.000000000000000000, 0.000000000000000000, -1.062500000000000000 ) ) ;
#1980 = VERTEX_POINT ( 'NONE', #2387 ) ;
#1981 = DIRECTION ( 'NONE',  ( 1.000000000000000000, 0.000000000000000000, 0.000000000000000000 ) ) ;
#1982 = CARTESIAN_POINT ( 'NONE',  ( -5.422515834400166490, 3.062499999999988010, 0.1250000000000000000 ) ) ;
#1983 = LINE ( 'NONE', #492, #428 ) ;
#1984 = ORIENTED_EDGE ( 'NONE', *, *, #2584, .T. ) ;
#1985 = DIRECTION ( 'NONE',  ( 0.000000000000000000, -0.000000000000000000, -1.000000000000000000 ) ) ;
#1986 = ORIENTED_EDGE ( 'NONE', *, *, #435, .T. ) ;
#1988 = EDGE_CURVE ( 'NONE', #2185, #668, #925, .T. ) ;
#1987 = FACE_BOUND ( 'NONE', #465, .T. ) ;
#1989 = DIRECTION ( 'NONE',  ( 1.000000000000000000, 0.000000000000000000, 0.000000000000000000 ) ) ;
#1990 = EDGE_LOOP ( 'NONE', ( #1811, #678, #357, #610 ) ) ;
#1991 = ORIENTED_EDGE ( 'NONE', *, *, #119, .T. ) ;
#1992 = LINE ( 'NONE', #94, #110 ) ;
#1993 = CARTESIAN_POINT ( 'NONE',  ( 1.005377942054144880, -5.915168230374432845, -0.07874015748031609752 ) ) ;
#1994 = CIRCLE ( 'NONE', #612, 0.06250000000000000000 ) ;
#1995 = DIRECTION ( 'NONE',  ( 0.000000000000000000, 0.000000000000000000, 1.000000000000000000 ) ) ;
#1996 = ORIENTED_EDGE ( 'NONE', *, *, #71, .T. ) ;
#1997 = AXIS2_PLACEMENT_3D ( 'NONE', #1934, #603, #1 ) ;
#1998 = CARTESIAN_POINT ( 'NONE',  ( -1.141909324569361004E-15, -1.863426657846645794E-15, 0.000000000000000000 ) ) ;
#1999 = VERTEX_POINT ( 'NONE', #262 ) ;
#2000 = AXIS2_PLACEMENT_3D ( 'NONE', #2653, #1761, #98 ) ;
#2001 = AXIS2_PLACEMENT_3D ( 'NONE', #2422, #1368, #1817 ) ;
#2002 = AXIS2_PLACEMENT_3D ( 'NONE', #311, #1397, #1180 ) ;
#2003 = LINE ( 'NONE', #385, #470 ) ;
#2004 = DIRECTION ( 'NONE',  ( -1.000000000000000000, 0.000000000000000000, 0.000000000000000000 ) ) ;
#2005 = AXIS2_PLACEMENT_3D ( 'NONE', #1000, #2016, #140 ) ;
#2006 = DIRECTION ( 'NONE',  ( 0.000000000000000000, 0.000000000000000000, -1.000000000000000000 ) ) ;
#2007 = VERTEX_POINT ( 'NONE', #842 ) ;
#2008 = ORIENTED_EDGE ( 'NONE', *, *, #1823, .T. ) ;
#2009 = DIRECTION ( 'NONE',  ( 0.1736481776669268062, -0.9848077530122085754, 0.000000000000000000 ) ) ;
#2010 = LINE ( 'NONE', #1759, #373 ) ;
#2011 = EDGE_CURVE ( 'NONE', #1319, #2689, #494, .T. ) ;
#2012 = ORIENTED_EDGE ( 'NONE', *, *, #1916, .T. ) ;
#2013 = CYLINDRICAL_SURFACE ( 'NONE', #2000, 6.250000000000000000 ) ;
#2014 = ORIENTED_EDGE ( 'NONE', *, *, #2278, .T. ) ;
#2015 = EDGE_CURVE ( 'NONE', #2745, #1084, #271, .T. ) ;
#2016 = DIRECTION ( 'NONE',  ( -0.000000000000000000, -0.000000000000000000, 1.000000000000000000 ) ) ;
#2017 = DIRECTION ( 'NONE',  ( -1.000000000000000000, -3.384826294588890461E-16, 0.000000000000000000 ) ) ;
#2018 = FACE_OUTER_BOUND ( 'NONE', #13, .T. ) ;
#2019 = FACE_OUTER_BOUND ( 'NONE', #1090, .T. ) ;
#2020 = ORIENTED_EDGE ( 'NONE', *, *, #1665, .F. ) ;
#2021 = EDGE_CURVE ( 'NONE', #2067, #1184, #715, .T. ) ;
#2022 = DIRECTION ( 'NONE',  ( 1.000000000000000000, 0.000000000000000000, 0.000000000000000000 ) ) ;
#2023 = EDGE_CURVE ( 'NONE', #1174, #1639, #1141, .T. ) ;
#2024 = ORIENTED_EDGE ( 'NONE', *, *, #1657, .F. ) ;
#2025 = DIRECTION ( 'NONE',  ( -0.000000000000000000, -0.000000000000000000, -1.000000000000000000 ) ) ;
#2026 = EDGE_LOOP ( 'NONE', ( #2369, #2616, #54, #1674, #1362 ) ) ;
#2027 = LINE ( 'NONE', #2450, #2359 ) ;
#2028 = EDGE_CURVE ( 'NONE', #1227, #2729, #2233, .T. ) ;
#2029 = VERTEX_POINT ( 'NONE', #1394 ) ;
#2030 = DIRECTION ( 'NONE',  ( -0.000000000000000000, -0.000000000000000000, 1.000000000000000000 ) ) ;
#2031 = ORIENTED_EDGE ( 'NONE', *, *, #19, .T. ) ;
#2032 = LINE ( 'NONE', #1146, #2350 ) ;
#2033 = ORIENTED_EDGE ( 'NONE', *, *, #1118, .F. ) ;
#2034 = EDGE_LOOP ( 'NONE', ( #1179, #2471, #2757, #109 ) ) ;
#2035 = CARTESIAN_POINT ( 'NONE',  ( 0.000000000000000000, 0.000000000000000000, -0.07874015748031612527 ) ) ;
#2036 =( LENGTH_UNIT ( ) NAMED_UNIT ( * ) SI_UNIT ( $, .METRE. ) );
#2037 = AXIS2_PLACEMENT_3D ( 'NONE', #2420, #1814, #501 ) ;
#2038 = ORIENTED_EDGE ( 'NONE', *, *, #719, .F. ) ;
#2039 = DIRECTION ( 'NONE',  ( -0.000000000000000000, -0.000000000000000000, 1.000000000000000000 ) ) ;
#2040 = AXIS2_PLACEMENT_3D ( 'NONE', #136, #1855, #1961 ) ;
#2041 = EDGE_CURVE ( 'NONE', #2654, #2007, #1300, .T. ) ;
#2042 = CIRCLE ( 'NONE', #1775, 0.1181102362204725503 ) ;
#2043 = ORIENTED_EDGE ( 'NONE', *, *, #1406, .F. ) ;
#2044 = LINE ( 'NONE', #299, #1152 ) ;
#2045 = CARTESIAN_POINT ( 'NONE',  ( 5.304405598179714687, -3.062499999999950706, 0.1250000000000000000 ) ) ;
#2046 = AXIS2_PLACEMENT_3D ( 'NONE', #2045, #2659, #1617 ) ;
#2047 = ORIENTED_EDGE ( 'NONE', *, *, #1773, .F. ) ;
#2048 = PLANE ( 'NONE',  #421 ) ;
#2049 = CIRCLE ( 'NONE', #1520, 0.06692913385826741723 ) ;
#2050 = EDGE_CURVE ( 'NONE', #120, #1858, #72, .T. ) ;
#2051 = CIRCLE ( 'NONE', #619, 5.921259842519684291 ) ;
#2052 = ORIENTED_EDGE ( 'NONE', *, *, #496, .T. ) ;
#2053 = VECTOR ( 'NONE', #1643, 39.37007874015748854 ) ;
#2054 = DIRECTION ( 'NONE',  ( -0.000000000000000000, -0.000000000000000000, 1.000000000000000000 ) ) ;
#2055 = CARTESIAN_POINT ( 'NONE',  ( 5.447534617200228801, 2.514829337033661183, -1.062500000000000000 ) ) ;
#2056 = DIRECTION ( 'NONE',  ( 0.000000000000000000, 0.000000000000000000, 1.000000000000000000 ) ) ;
#2057 = DIRECTION ( 'NONE',  ( -0.000000000000000000, -0.000000000000000000, 1.000000000000000000 ) ) ;
#2058 = EDGE_LOOP ( 'NONE', ( #817, #567 ) ) ;
#2059 = LINE ( 'NONE', #1443, #2516 ) ;
#2060 = ORIENTED_EDGE ( 'NONE', *, *, #2752, .F. ) ;
#2061 = CYLINDRICAL_SURFACE ( 'NONE', #799, 6.250000000000000000 ) ;
#2062 = DIRECTION ( 'NONE',  ( 0.8788171126619687135, -0.4771587602596021882, 0.000000000000000000 ) ) ;
#2063 = EDGE_CURVE ( 'NONE', #1639, #1110, #1655, .T. ) ;
#2064 = DIRECTION ( 'NONE',  ( 1.000000000000000000, 0.000000000000000000, 0.000000000000000000 ) ) ;
#2065 = DIRECTION ( 'NONE',  ( -0.000000000000000000, -0.000000000000000000, 1.000000000000000000 ) ) ;
#2066 = VERTEX_POINT ( 'NONE', #746 ) ;
#2067 = VERTEX_POINT ( 'NONE', #704 ) ;
#2068 = EDGE_CURVE ( 'NONE', #1242, #1169, #751, .T. ) ;
#2069 = CARTESIAN_POINT ( 'NONE',  ( -5.422515834400145174, -3.062500000000024869, 0.1250000000000000000 ) ) ;
#2070 = SURFACE_STYLE_FILL_AREA ( #1209 ) ;
#2071 = DIRECTION ( 'NONE',  ( -0.000000000000000000, -1.000000000000000000, -0.000000000000000000 ) ) ;
#2072 = DIRECTION ( 'NONE',  ( -0.000000000000000000, -0.000000000000000000, 1.000000000000000000 ) ) ;
#2073 = VERTEX_POINT ( 'NONE', #2615 ) ;
#2074 = ORIENTED_EDGE ( 'NONE', *, *, #1032, .T. ) ;
#2075 = DIRECTION ( 'NONE',  ( -0.7660444431189817882, 0.6427876096865348110, 0.000000000000000000 ) ) ;
#2076 = EDGE_LOOP ( 'NONE', ( #1069, #1104 ) ) ;
#2077 = CYLINDRICAL_SURFACE ( 'NONE', #2707, 0.09842519685039378963 ) ;
#2078 = CARTESIAN_POINT ( 'NONE',  ( 5.304405598179714687, -3.062499999999950706, 0.006889763779527552021 ) ) ;
#2079 = DIRECTION ( 'NONE',  ( -0.000000000000000000, -0.000000000000000000, 1.000000000000000000 ) ) ;
#2080 = ORIENTED_EDGE ( 'NONE', *, *, #1396, .T. ) ;
#2081 = ADVANCED_FACE ( 'NONE', ( #2219 ), #2013, .T. ) ;
#2082 = ORIENTED_EDGE ( 'NONE', *, *, #2228, .F. ) ;
#2083 = FACE_OUTER_BOUND ( 'NONE', #1885, .T. ) ;
#2084 =( NAMED_UNIT ( * ) SI_UNIT ( $, .STERADIAN. ) SOLID_ANGLE_UNIT ( ) );
#2085 = CARTESIAN_POINT ( 'NONE',  ( -0.1250000000000000000, 5.500000000000001776, 0.000000000000000000 ) ) ;
#2086 = VERTEX_POINT ( 'NONE', #2433 ) ;
#2087 = PLANE ( 'NONE',  #505 ) ;
#2088 = MECHANICAL_DESIGN_GEOMETRIC_PRESENTATION_REPRESENTATION (  '', ( #1815 ), #2253 ) ;
#2089 = ORIENTED_EDGE ( 'NONE', *, *, #2028, .T. ) ;
#2090 = LINE ( 'NONE', #823, #117 ) ;
#2091 = VECTOR ( 'NONE', #1831, 39.37007874015748143 ) ;
#2092 = DIRECTION ( 'NONE',  ( -0.000000000000000000, -0.000000000000000000, 1.000000000000000000 ) ) ;
#2093 = VECTOR ( 'NONE', #2468, 39.37007874015748143 ) ;
#2094 = EDGE_LOOP ( 'NONE', ( #2760, #2127, #1382, #2340 ) ) ;
#2095 = DIRECTION ( 'NONE',  ( 0.000000000000000000, 0.000000000000000000, -1.000000000000000000 ) ) ;
#2096 = AXIS2_PLACEMENT_3D ( 'NONE', #2609, #2419, #2009 ) ;
#2097 = VECTOR ( 'NONE', #2505, 39.37007874015748143 ) ;
#2098 = ORIENTED_EDGE ( 'NONE', *, *, #2506, .T. ) ;
#2099 = CARTESIAN_POINT ( 'NONE',  ( 5.304405598179714687, -3.062499999999950706, 0.1250000000000000000 ) ) ;
#2100 = EDGE_CURVE ( 'NONE', #1919, #1085, #1337, .T. ) ;
#2101 = CIRCLE ( 'NONE', #2005, 0.06692913385826690376 ) ;
#2102 = DIRECTION ( 'NONE',  ( -1.387778780781445922E-16, -1.000000000000000000, 0.000000000000000000 ) ) ;
#2103 = ADVANCED_FACE ( 'NONE', ( #1559 ), #943, .F. ) ;
#2104 = CARTESIAN_POINT ( 'NONE',  ( -5.625374926189976144, 2.086901276963796459, -0.07874015748031922002 ) ) ;
#2105 = VERTEX_POINT ( 'NONE', #1804 ) ;
#2106 = DIRECTION ( 'NONE',  ( 0.000000000000000000, 1.000000000000000000, 0.000000000000000000 ) ) ;
#2107 = EDGE_CURVE ( 'NONE', #1847, #2367, #1828, .T. ) ;
#2108 = LINE ( 'NONE', #779, #2097 ) ;
#2109 = DIRECTION ( 'NONE',  ( -0.000000000000000000, -0.000000000000000000, 1.000000000000000000 ) ) ;
#2110 = FACE_OUTER_BOUND ( 'NONE', #543, .T. ) ;
#2111 = ORIENTED_EDGE ( 'NONE', *, *, #1757, .F. ) ;
#2112 = DIRECTION ( 'NONE',  ( -0.000000000000000000, -0.000000000000000000, 1.000000000000000000 ) ) ;
#2113 = LINE ( 'NONE', #968, #2091 ) ;
#2114 = CARTESIAN_POINT ( 'NONE',  ( 0.5928972339121938440, -6.241872545159766972, -1.062500000000000000 ) ) ;
#2115 = ORIENTED_EDGE ( 'NONE', *, *, #2593, .T. ) ;
#2116 = CARTESIAN_POINT ( 'NONE',  ( 5.115840986124581491, -3.134991388295649717, 1.146989288759872050 ) ) ;
#2117 = CARTESIAN_POINT ( 'NONE',  ( 0.000000000000000000, 0.000000000000000000, 0.000000000000000000 ) ) ;
#2118 = DIRECTION ( 'NONE',  ( 0.8910724729979845327, 0.1571201187561565016, -0.4257970363298778649 ) ) ;
#2119 = EDGE_CURVE ( 'NONE', #184, #2275, #1596, .T. ) ;
#2120 = ORIENTED_EDGE ( 'NONE', *, *, #590, .T. ) ;
#2121 = DIRECTION ( 'NONE',  ( 1.000000000000000000, 0.000000000000000000, 0.000000000000000000 ) ) ;
#2122 = ORIENTED_EDGE ( 'NONE', *, *, #855, .F. ) ;
#2123 = EDGE_CURVE ( 'NONE', #1415, #2402, #2437, .T. ) ;
#2124 = CARTESIAN_POINT ( 'NONE',  ( -4.812543784640624267, -3.586545292770927595, -0.7352296516784546654 ) ) ;
#2125 = CARTESIAN_POINT ( 'NONE',  ( 0.000000000000000000, -6.125000000000000000, 0.1250000000000000000 ) ) ;
#2126 = DIRECTION ( 'NONE',  ( 1.000000000000000000, 8.881784197001252323E-16, 0.000000000000000000 ) ) ;
#2127 = ORIENTED_EDGE ( 'NONE', *, *, #2731, .F. ) ;
#2128 = DIRECTION ( 'NONE',  ( -0.000000000000000000, -0.000000000000000000, 1.000000000000000000 ) ) ;
#2129 = LINE ( 'NONE', #197, #1928 ) ;
#2130 = CARTESIAN_POINT ( 'NONE',  ( -5.422515834400166490, 3.062499999999988010, 0.006889763779527552021 ) ) ;
#2131 = LINE ( 'NONE', #239, #1139 ) ;
#2132 = VERTEX_POINT ( 'NONE', #55 ) ;
#2133 = DIRECTION ( 'NONE',  ( 0.000000000000000000, 0.000000000000000000, -1.000000000000000000 ) ) ;
#2134 = ORIENTED_EDGE ( 'NONE', *, *, #496, .F. ) ;
#2135 = CIRCLE ( 'NONE', #914, 6.250000000000000000 ) ;
#2136 = EDGE_CURVE ( 'NONE', #2568, #2245, #1776, .T. ) ;
#2137 = AXIS2_PLACEMENT_3D ( 'NONE', #18, #408, #878 ) ;
#2138 = EDGE_CURVE ( 'NONE', #113, #93, #1701, .T. ) ;
#2139 = FACE_OUTER_BOUND ( 'NONE', #898, .T. ) ;
#2140 = CIRCLE ( 'NONE', #920, 0.1181102362204725503 ) ;
#2141 = ORIENTED_EDGE ( 'NONE', *, *, #1079, .T. ) ;
#2142 = EDGE_CURVE ( 'NONE', #2185, #1158, #2472, .T. ) ;
#2143 = FACE_OUTER_BOUND ( 'NONE', #670, .T. ) ;
#2144 = DIRECTION ( 'NONE',  ( -0.1736481776669268062, -0.9848077530122085754, 0.000000000000000000 ) ) ;
#2145 = CIRCLE ( 'NONE', #568, 0.1181102362204725503 ) ;
#2146 = VECTOR ( 'NONE', #917, 39.37007874015748143 ) ;
#2147 = CARTESIAN_POINT ( 'NONE',  ( 0.1250000000000000000, 5.946192828321792412, -0.02624668075938541012 ) ) ;
#2148 = DIRECTION ( 'NONE',  ( -0.000000000000000000, -0.000000000000000000, 1.000000000000000000 ) ) ;
#2149 = CARTESIAN_POINT ( 'NONE',  ( 0.06250000000000000000, 5.211358901432945778, 0.1250000000000000000 ) ) ;
#2150 = VECTOR ( 'NONE', #594, 39.37007874015748854 ) ;
#2151 = ORIENTED_EDGE ( 'NONE', *, *, #2506, .F. ) ;
#2152 = FACE_BOUND ( 'NONE', #105, .T. ) ;
#2153 = ORIENTED_EDGE ( 'NONE', *, *, #2594, .F. ) ;
#2154 =( BOUNDED_CURVE ( )  B_SPLINE_CURVE ( 3, ( #1165, #684, #2444, #1390 ),
 .UNSPECIFIED., .F., .T. ) 
 B_SPLINE_CURVE_WITH_KNOTS ( ( 4, 4 ),
 ( 1.576972064677566454, 1.654226413405510909 ),
 .UNSPECIFIED. ) 
 CURVE ( )  GEOMETRIC_REPRESENTATION_ITEM ( )  RATIONAL_B_SPLINE_CURVE ( ( 1.000000000000000000, 0.9995027089704446865, 0.9995027089704446865, 1.000000000000000000 ) ) 
 REPRESENTATION_ITEM ( '' )  );
#2155 = CARTESIAN_POINT ( 'NONE',  ( -0.5894186957641495139, -6.222144775001921424, -1.062500000000000000 ) ) ;
#2156 = ORIENTED_EDGE ( 'NONE', *, *, #1694, .F. ) ;
#2157 = CARTESIAN_POINT ( 'NONE',  ( -1.028215981145904623, 5.831302600513236456, 0.000000000000000000 ) ) ;
#2158 = PLANE ( 'NONE',  #879 ) ;
#2159 = CARTESIAN_POINT ( 'NONE',  ( -0.06692913385826780581, 6.125000000000000000, 0.006889763779527552021 ) ) ;
#2160 = EDGE_CURVE ( 'NONE', #2681, #447, #1517, .T. ) ;
#2161 = CARTESIAN_POINT ( 'NONE',  ( 0.5494851894954612126, 5.995670606906715605, -1.062500000000000000 ) ) ;
#2162 = ORIENTED_EDGE ( 'NONE', *, *, #1921, .T. ) ;
#2163 = DIRECTION ( 'NONE',  ( -0.000000000000000000, -0.000000000000000000, 1.000000000000000000 ) ) ;
#2164 = ORIENTED_EDGE ( 'NONE', *, *, #2400, .F. ) ;
#2165 = CARTESIAN_POINT ( 'NONE',  ( -4.718604930852050572, -3.709265739026947895, -0.4071465513891699417 ) ) ;
#2166 = ORIENTED_EDGE ( 'NONE', *, *, #1145, .F. ) ;
#2167 = PLANE ( 'NONE',  #576 ) ;
#2168 = EDGE_CURVE ( 'NONE', #2255, #859, #537, .T. ) ;
#2169 = CARTESIAN_POINT ( 'NONE',  ( -5.304405598179672943, -3.062500000000024869, 0.1250000000000000000 ) ) ;
#2170 = DIRECTION ( 'NONE',  ( -0.000000000000000000, -0.000000000000000000, 1.000000000000000000 ) ) ;
#2171 = ORIENTED_EDGE ( 'NONE', *, *, #2658, .T. ) ;
#2172 = EDGE_LOOP ( 'NONE', ( #369, #1398, #538, #1753 ) ) ;
#2173 = FACE_OUTER_BOUND ( 'NONE', #2193, .T. ) ;
#2174 = ORIENTED_EDGE ( 'NONE', *, *, #2011, .F. ) ;
#2175 = CARTESIAN_POINT ( 'NONE',  ( -1.085301110418299686, 6.155048456326303707, 0.000000000000000000 ) ) ;
#2176 = CIRCLE ( 'NONE', #2389, 0.1181102362204725503 ) ;
#2177 = CARTESIAN_POINT ( 'NONE',  ( 0.000000000000000000, 0.000000000000000000, 0.000000000000000000 ) ) ;
#2178 = ORIENTED_EDGE ( 'NONE', *, *, #1677, .F. ) ;
#2179 = CIRCLE ( 'NONE', #1920, 0.1181102362204725503 ) ;
#2180 = ADVANCED_FACE ( 'NONE', ( #2738 ), #1926, .F. ) ;
#2181 = DIRECTION ( 'NONE',  ( -0.000000000000000000, -0.000000000000000000, 1.000000000000000000 ) ) ;
#2182 = FACE_OUTER_BOUND ( 'NONE', #2217, .T. ) ;
#2183 = CIRCLE ( 'NONE', #291, 0.1181102362204724532 ) ;
#2184 = AXIS2_PLACEMENT_3D ( 'NONE', #906, #1985, #1157 ) ;
#2185 = VERTEX_POINT ( 'NONE', #2544 ) ;
#2186 = CARTESIAN_POINT ( 'NONE',  ( 0.000000000000000000, 5.075000000000000178, 0.000000000000000000 ) ) ;
#2187 = EDGE_LOOP ( 'NONE', ( #2178, #458, #2546, #282, #249 ) ) ;
#2188 = ADVANCED_FACE ( 'NONE', ( #1727 ), #1950, .F. ) ;
#2189 = CARTESIAN_POINT ( 'NONE',  ( 0.06250000000000000000, 5.211358901432945778, -1.062500000000000000 ) ) ;
#2190 = ORIENTED_EDGE ( 'NONE', *, *, #1436, .T. ) ;
#2191 = DIRECTION ( 'NONE',  ( -0.5224985647159412494, -0.8526401643540969522, 0.000000000000000000 ) ) ;
#2192 = DIRECTION ( 'NONE',  ( -0.000000000000000000, -0.000000000000000000, 1.000000000000000000 ) ) ;
#2193 = EDGE_LOOP ( 'NONE', ( #2364, #2291, #1075, #1166 ) ) ;
#2194 = DIRECTION ( 'NONE',  ( 1.000000000000000000, 0.000000000000000000, 0.000000000000000000 ) ) ;
#2195 = CARTESIAN_POINT ( 'NONE',  ( 0.000000000000000000, 0.000000000000000000, 0.000000000000000000 ) ) ;
#2196 = ORIENTED_EDGE ( 'NONE', *, *, #2278, .F. ) ;
#2197 = EDGE_CURVE ( 'NONE', #1466, #1853, #17, .T. ) ;
#2198 = EDGE_CURVE ( 'NONE', #489, #1737, #1043, .T. ) ;
#2199 = FACE_OUTER_BOUND ( 'NONE', #2423, .T. ) ;
#2200 = DIRECTION ( 'NONE',  ( 1.000000000000000000, 0.000000000000000000, 0.000000000000000000 ) ) ;
#2201 = ORIENTED_EDGE ( 'NONE', *, *, #1551, .F. ) ;
#2202 = DIRECTION ( 'NONE',  ( 1.000000000000000000, 0.000000000000000000, 0.000000000000000000 ) ) ;
#2203 = CARTESIAN_POINT ( 'NONE',  ( -5.304405598179672943, -3.062500000000024869, 0.1250000000000000000 ) ) ;
#2204 = ORIENTED_EDGE ( 'NONE', *, *, #1058, .F. ) ;
#2205 = CARTESIAN_POINT ( 'NONE',  ( 0.1181102362204724532, -6.125000000000000000, 0.1250000000000000000 ) ) ;
#2206 = ORIENTED_EDGE ( 'NONE', *, *, #390, .T. ) ;
#2207 = AXIS2_PLACEMENT_3D ( 'NONE', #2117, #584, #185 ) ;
#2208 = FACE_OUTER_BOUND ( 'NONE', #856, .T. ) ;
#2209 = CONICAL_SURFACE ( 'NONE', #649, 6.000000000000000888, 0.7853981633974344012 ) ;
#2210 = DIRECTION ( 'NONE',  ( -1.000000000000000000, 0.000000000000000000, -0.000000000000000000 ) ) ;
#2211 = EDGE_LOOP ( 'NONE', ( #2153, #1629, #75, #2484, #1222 ) ) ;
#2212 = CIRCLE ( 'NONE', #1143, 5.921259842519685179 ) ;
#2213 = EDGE_CURVE ( 'NONE', #2519, #859, #372, .T. ) ;
#2214 = CYLINDRICAL_SURFACE ( 'NONE', #1012, 0.1181102362204725503 ) ;
#2215 = DIRECTION ( 'NONE',  ( 1.000000000000000000, 0.000000000000000000, 0.000000000000000000 ) ) ;
#2216 = CIRCLE ( 'NONE', #471, 0.1181102362204725503 ) ;
#2217 = EDGE_LOOP ( 'NONE', ( #2111, #82, #381, #1509, #1557 ) ) ;
#2218 = VECTOR ( 'NONE', #853, 39.37007874015748143 ) ;
#2219 = FACE_OUTER_BOUND ( 'NONE', #50, .T. ) ;
#2220 = VERTEX_POINT ( 'NONE', #2372 ) ;
#2221 = AXIS2_PLACEMENT_3D ( 'NONE', #669, #1931, #1721 ) ;
#2222 = DIRECTION ( 'NONE',  ( 0.9396926207859079838, -0.3420201433256699342, 0.000000000000000000 ) ) ;
#2223 = VECTOR ( 'NONE', #804, 39.37007874015748143 ) ;
#2224 = EDGE_CURVE ( 'NONE', #628, #1891, #406, .T. ) ;
#2225 = LINE ( 'NONE', #2605, #57 ) ;
#2226 = DIRECTION ( 'NONE',  ( -0.000000000000000000, -0.000000000000000000, 1.000000000000000000 ) ) ;
#2227 = ORIENTED_EDGE ( 'NONE', *, *, #96, .T. ) ;
#2228 = EDGE_CURVE ( 'NONE', #1858, #2029, #2129, .T. ) ;
#2229 = CARTESIAN_POINT ( 'NONE',  ( -5.304405598179693371, 3.062499999999988010, 0.006889763779527552021 ) ) ;
#2230 = CARTESIAN_POINT ( 'NONE',  ( -1.614173228346456712, -4.144685039370077817, 0.07500000000000014988 ) ) ;
#2231 = EDGE_CURVE ( 'NONE', #2367, #2086, #928, .T. ) ;
#2232 = VERTEX_POINT ( 'NONE', #2633 ) ;
#2233 = LINE ( 'NONE', #2637, #1966 ) ;
#2234 = VERTEX_POINT ( 'NONE', #1623 ) ;
#2235 = VERTEX_POINT ( 'NONE', #981 ) ;
#2236 = DIRECTION ( 'NONE',  ( 1.000000000000000000, 0.000000000000000000, 0.000000000000000000 ) ) ;
#2237 = CARTESIAN_POINT ( 'NONE',  ( 5.873078879911898476, 2.137625895785512764, 0.000000000000000000 ) ) ;
#2238 = FACE_OUTER_BOUND ( 'NONE', #1689, .T. ) ;
#2239 = CYLINDRICAL_SURFACE ( 'NONE', #1096, 0.06692913385826690376 ) ;
#2240 = ORIENTED_EDGE ( 'NONE', *, *, #410, .F. ) ;
#2241 = CARTESIAN_POINT ( 'NONE',  ( 0.9209469767211416746, 6.184028524488079270, -0.3546403174002230596 ) ) ;
#2242 = FACE_OUTER_BOUND ( 'NONE', #777, .T. ) ;
#2243 = B_SPLINE_CURVE_WITH_KNOTS ( 'NONE', 3,
 ( #988, #1386, #1822, #2657 ),
 .UNSPECIFIED., .F., .F.,
 ( 4, 4 ),
 ( 3.780990888240849963E-17, 0.002978958985904015411 ),
 .UNSPECIFIED. ) ;
#2244 = DIRECTION ( 'NONE',  ( 0.000000000000000000, -0.000000000000000000, -1.000000000000000000 ) ) ;
#2245 = VERTEX_POINT ( 'NONE', #1243 ) ;
#2246 = ORIENTED_EDGE ( 'NONE', *, *, #671, .T. ) ;
#2247 = CARTESIAN_POINT ( 'NONE',  ( 5.371334732037919224, 3.062500000000061728, 0.006889763779527552021 ) ) ;
#2248 = DIRECTION ( 'NONE',  ( 1.000000000000000000, 0.000000000000000000, 0.000000000000000000 ) ) ;
#2249 = VERTEX_POINT ( 'NONE', #1842 ) ;
#2250 = VECTOR ( 'NONE', #762, 39.37007874015748854 ) ;
#2251 = CARTESIAN_POINT ( 'NONE',  ( -5.752687423922163923, 2.448864946921693431, -0.7089963532076547503 ) ) ;
#2252 = CARTESIAN_POINT ( 'NONE',  ( 0.5894186957641495139, 6.222144775001921424, -1.062500000000000000 ) ) ;
#2253 =( GEOMETRIC_REPRESENTATION_CONTEXT ( 3 ) GLOBAL_UNCERTAINTY_ASSIGNED_CONTEXT ( ( #526 ) ) GLOBAL_UNIT_ASSIGNED_CONTEXT ( ( #1404, #770, #2084 ) ) REPRESENTATION_CONTEXT ( 'NONE', 'WORKASPACE' ) );
#2254 = EDGE_CURVE ( 'NONE', #39, #886, #2528, .T. ) ;
#2255 = VERTEX_POINT ( 'NONE', #2485 ) ;
#2256 = DIRECTION ( 'NONE',  ( -0.000000000000000000, -0.000000000000000000, 1.000000000000000000 ) ) ;
#2257 = AXIS2_PLACEMENT_3D ( 'NONE', #438, #865, #1725 ) ;
#2258 = AXIS2_PLACEMENT_3D ( 'NONE', #1672, #328, #2724 ) ;
#2259 = ORIENTED_EDGE ( 'NONE', *, *, #2394, .F. ) ;
#2260 = CARTESIAN_POINT ( 'NONE',  ( -0.8530158939585433808, 5.941064610053868655, -0.4071465513891709409 ) ) ;
#2261 = FACE_OUTER_BOUND ( 'NONE', #1990, .T. ) ;
#2262 = CIRCLE ( 'NONE', #1562, 0.1499999999999998557 ) ;
#2263 = EDGE_CURVE ( 'NONE', #1549, #231, #2453, .T. ) ;
#2264 = CARTESIAN_POINT ( 'NONE',  ( 0.000000000000000000, 6.125000000000000000, 0.006889763779527552021 ) ) ;
#2265 = CIRCLE ( 'NONE', #1377, 0.1181102362204725503 ) ;
#2266 = ORIENTED_EDGE ( 'NONE', *, *, #1921, .F. ) ;
#2267 = VERTEX_POINT ( 'NONE', #2677 ) ;
#2268 = VECTOR ( 'NONE', #1910, 39.37007874015748854 ) ;
#2269 = CARTESIAN_POINT ( 'NONE',  ( -0.06250000000000000000, 5.211358901432945778, -1.062500000000000000 ) ) ;
#2270 = FACE_OUTER_BOUND ( 'NONE', #2172, .T. ) ;
#2271 = ORIENTED_EDGE ( 'NONE', *, *, #1988, .T. ) ;
#2272 = ORIENTED_EDGE ( 'NONE', *, *, #644, .T. ) ;
#2273 = CARTESIAN_POINT ( 'NONE',  ( -0.3213938048432635752, -0.3830222215594863977, -1.062500000000000000 ) ) ;
#2274 = CARTESIAN_POINT ( 'NONE',  ( -0.4924038765060989031, -0.08682408883346245942, -1.062500000000000000 ) ) ;
#2275 = VERTEX_POINT ( 'NONE', #2069 ) ;
#2276 = CARTESIAN_POINT ( 'NONE',  ( 0.1710100716628339956, 0.4698463103929512719, -1.062500000000000000 ) ) ;
#2277 = CARTESIAN_POINT ( 'NONE',  ( 0.000000000000000000, -6.125000000000000000, 0.1250000000000000000 ) ) ;
#2278 = EDGE_CURVE ( 'NONE', #277, #2519, #2051, .T. ) ;
#2279 = FACE_OUTER_BOUND ( 'NONE', #365, .T. ) ;
#2280 = DIRECTION ( 'NONE',  ( 0.000000000000000000, 0.000000000000000000, 1.000000000000000000 ) ) ;
#2281 = VERTEX_POINT ( 'NONE', #769 ) ;
#2282 = EDGE_LOOP ( 'NONE', ( #1048, #1202 ) ) ;
#2283 = LINE ( 'NONE', #326, #2223 ) ;
#2284 = DIRECTION ( 'NONE',  ( -0.000000000000000000, -0.000000000000000000, 1.000000000000000000 ) ) ;
#2285 = CARTESIAN_POINT ( 'NONE',  ( 0.06250000000000000000, 5.324999999999999289, 0.1250000000000000000 ) ) ;
#2286 = CARTESIAN_POINT ( 'NONE',  ( -4.901673400653610457, 3.460288697973750605, -1.062500000000000000 ) ) ;
#2287 = ORIENTED_EDGE ( 'NONE', *, *, #871, .T. ) ;
#2288 = CARTESIAN_POINT ( 'NONE',  ( -5.512311227683423631, 2.374512527938238637, -0.7352296516784557756 ) ) ;
#2289 = FACE_OUTER_BOUND ( 'NONE', #8, .T. ) ;
#2290 = APPLICATION_CONTEXT ( 'automotive_design' ) ;
#2291 = ORIENTED_EDGE ( 'NONE', *, *, #2228, .T. ) ;
#2292 = DIRECTION ( 'NONE',  ( 1.000000000000000000, 0.000000000000000000, 0.000000000000000000 ) ) ;
#2293 = VERTEX_POINT ( 'NONE', #1403 ) ;
#2294 = DIRECTION ( 'NONE',  ( 1.000000000000000000, 0.000000000000000000, 0.000000000000000000 ) ) ;
#2295 = VERTEX_POINT ( 'NONE', #1854 ) ;
#2296 = EDGE_CURVE ( 'NONE', #2245, #2295, #1245, .T. ) ;
#2297 = ADVANCED_FACE ( 'NONE', ( #1439 ), #2711, .F. ) ;
#2298 = ORIENTED_EDGE ( 'NONE', *, *, #1808, .F. ) ;
#2299 = CARTESIAN_POINT ( 'NONE',  ( 0.000000000000000000, 0.000000000000000000, -1.062500000000000000 ) ) ;
#2300 = CARTESIAN_POINT ( 'NONE',  ( -0.5894186957641506242, 6.222144775001921424, -1.062500000000000000 ) ) ;
#2301 = CARTESIAN_POINT ( 'NONE',  ( -4.812543784640648248, 3.586545292770893401, -0.7352296516784538882 ) ) ;
#2302 = EDGE_CURVE ( 'NONE', #2235, #2105, #2283, .T. ) ;
#2303 = ORIENTED_EDGE ( 'NONE', *, *, #717, .F. ) ;
#2304 = LINE ( 'NONE', #1212, #1812 ) ;
#2305 = VECTOR ( 'NONE', #1584, 39.37007874015748854 ) ;
#2306 = VERTEX_POINT ( 'NONE', #1670 ) ;
#2307 = DIRECTION ( 'NONE',  ( -1.000000000000000000, 0.000000000000000000, 0.000000000000000000 ) ) ;
#2308 = AXIS2_PLACEMENT_3D ( 'NONE', #1899, #2495, #1025 ) ;
#2309 = DIRECTION ( 'NONE',  ( -0.000000000000000000, -0.000000000000000000, 1.000000000000000000 ) ) ;
#2310 = CIRCLE ( 'NONE', #1647, 0.06692913385826800010 ) ;
#2311 = DIRECTION ( 'NONE',  ( 0.000000000000000000, -0.000000000000000000, -1.000000000000000000 ) ) ;
#2312 = CIRCLE ( 'NONE', #2699, 6.250000000000000000 ) ;
#2313 = CARTESIAN_POINT ( 'NONE',  ( -5.873078879911912686, -2.137625895785471464, 0.000000000000000000 ) ) ;
#2314 = CIRCLE ( 'NONE', #2747, 0.06692913385826800010 ) ;
#2315 = EDGE_LOOP ( 'NONE', ( #2240, #1984, #1955, #2652, #1607 ) ) ;
#2316 = LINE ( 'NONE', #1093, #845 ) ;
#2317 = VECTOR ( 'NONE', #818, 39.37007874015748143 ) ;
#2318 = EDGE_CURVE ( 'NONE', #1437, #99, #757, .T. ) ;
#2319 = CARTESIAN_POINT ( 'NONE',  ( -1.712598425196850238, -2.077755905511810219, -3.977250342891675228 ) ) ;
#2320 = FACE_OUTER_BOUND ( 'NONE', #1733, .T. ) ;
#2321 = ADVANCED_FACE ( 'NONE', ( #168, #2500 ), #787, .F. ) ;
#2322 = ORIENTED_EDGE ( 'NONE', *, *, #1573, .F. ) ;
#2323 = CARTESIAN_POINT ( 'NONE',  ( -4.535948198625753491, -3.806112460506134720, 0.000000000000000000 ) ) ;
#2324 = PLANE ( 'NONE',  #617 ) ;
#2325 = DIRECTION ( 'NONE',  ( 0.000000000000000000, 0.000000000000000000, 1.000000000000000000 ) ) ;
#2326 = DIRECTION ( 'NONE',  ( 1.000000000000000000, 0.000000000000000000, 0.000000000000000000 ) ) ;
#2327 = CARTESIAN_POINT ( 'NONE',  ( 4.997122966432463009, 3.757540975687056584, -0.7089963532076491992 ) ) ;
#2328 = CARTESIAN_POINT ( 'NONE',  ( -5.304405598179693371, 3.062499999999988010, 0.006889763779527552021 ) ) ;
#2329 = DIRECTION ( 'NONE',  ( -0.000000000000000000, -0.000000000000000000, 1.000000000000000000 ) ) ;
#2330 = VERTEX_POINT ( 'NONE', #1175 ) ;
#2331 = ADVANCED_FACE ( 'NONE', ( #2238 ), #1636, .F. ) ;
#2332 = DIRECTION ( 'NONE',  ( 1.000000000000000000, 0.000000000000000000, 0.000000000000000000 ) ) ;
#2333 = LINE ( 'NONE', #219, #731 ) ;
#2334 = CARTESIAN_POINT ( 'NONE',  ( 0.000000000000000000, 0.000000000000000000, 0.000000000000000000 ) ) ;
#2335 = ORIENTED_EDGE ( 'NONE', *, *, #2719, .T. ) ;
#2336 = CARTESIAN_POINT ( 'NONE',  ( -0.06692913385826741723, -6.125000000000000000, -1.062500000000000000 ) ) ;
#2337 = DIRECTION ( 'NONE',  ( -0.000000000000000000, -0.000000000000000000, 1.000000000000000000 ) ) ;
#2338 = EDGE_CURVE ( 'NONE', #455, #2281, #1893, .T. ) ;
#2339 = DIRECTION ( 'NONE',  ( 0.000000000000000000, -0.000000000000000000, -1.000000000000000000 ) ) ;
#2340 = ORIENTED_EDGE ( 'NONE', *, *, #2752, .T. ) ;
#2341 = CARTESIAN_POINT ( 'NONE',  ( 0.1250000000000000000, 5.500000000000000888, 0.000000000000000000 ) ) ;
#2342 = CARTESIAN_POINT ( 'NONE',  ( 1.614173228346456490, -1.979330708661416915, -3.977250342891675228 ) ) ;
#2343 = CARTESIAN_POINT ( 'NONE',  ( 0.1250000000000000278, 5.972445320528573021, -0.05249340042360234326 ) ) ;
#2344 = CARTESIAN_POINT ( 'NONE',  ( -0.1250000000000000000, 5.946192828321793300, -0.02624668075938553849 ) ) ;
#2345 = ADVANCED_FACE ( 'NONE', ( #2083 ), #1453, .F. ) ;
#2346 = ORIENTED_EDGE ( 'NONE', *, *, #482, .F. ) ;
#2347 = CARTESIAN_POINT ( 'NONE',  ( 0.000000000000000000, 6.125000000000000000, 0.006889763779527552021 ) ) ;
#2348 = PLANE ( 'NONE',  #1070 ) ;
#2349 = ORIENTED_EDGE ( 'NONE', *, *, #64, .F. ) ;
#2350 = VECTOR ( 'NONE', #2661, 39.37007874015748143 ) ;
#2351 = ADVANCED_FACE ( 'NONE', ( #1609 ), #2442, .F. ) ;
#2352 = AXIS2_PLACEMENT_3D ( 'NONE', #1094, #1324, #182 ) ;
#2353 = CIRCLE ( 'NONE', #2475, 6.000000000000000888 ) ;
#2354 = EDGE_CURVE ( 'NONE', #277, #2220, #1041, .T. ) ;
#2355 = CIRCLE ( 'NONE', #1065, 0.06692913385826741723 ) ;
#2356 = B_SPLINE_CURVE_WITH_KNOTS ( 'NONE', 3,
 ( #2704, #1001, #1267, #160 ),
 .UNSPECIFIED., .F., .F.,
 ( 4, 4 ),
 ( 2.056671794915007593E-17, 0.002978958985904074826 ),
 .UNSPECIFIED. ) ;
#2357 = PLANE ( 'NONE',  #1109 ) ;
#2358 = CARTESIAN_POINT ( 'NONE',  ( 0.000000000000000000, 0.000000000000000000, -1.062500000000000000 ) ) ;
#2359 = VECTOR ( 'NONE', #2017, 39.37007874015748143 ) ;
#2360 = AXIS2_PLACEMENT_3D ( 'NONE', #2195, #2025, #953 ) ;
#2361 = CARTESIAN_POINT ( 'NONE',  ( -0.1250000000000000000, 0.000000000000000000, 0.000000000000000000 ) ) ;
#2362 = ORIENTED_EDGE ( 'NONE', *, *, #1117, .T. ) ;
#2363 = FACE_OUTER_BOUND ( 'NONE', #1929, .T. ) ;
#2364 = ORIENTED_EDGE ( 'NONE', *, *, #2050, .T. ) ;
#2365 = PRODUCT_DEFINITION_FORMATION_WITH_SPECIFIED_SOURCE ( 'ANY', '', #1098, .NOT_KNOWN. ) ;
#2366 = DIRECTION ( 'NONE',  ( 1.000000000000000000, 0.000000000000000000, 0.000000000000000000 ) ) ;
#2367 = VERTEX_POINT ( 'NONE', #646 ) ;
#2368 = EDGE_CURVE ( 'NONE', #232, #1221, #606, .T. ) ;
#2369 = ORIENTED_EDGE ( 'NONE', *, *, #812, .T. ) ;
#2370 = CARTESIAN_POINT ( 'NONE',  ( 1.614173228346457822, -4.046259842519683403, 0.1250000000000000000 ) ) ;
#2371 = DIRECTION ( 'NONE',  ( -0.000000000000000000, -0.000000000000000000, 1.000000000000000000 ) ) ;
#2372 = CARTESIAN_POINT ( 'NONE',  ( 1.085301110418299686, -6.155048456326302819, 0.000000000000000000 ) ) ;
#2373 = LINE ( 'NONE', #7, #283 ) ;
#2374 = ORIENTED_EDGE ( 'NONE', *, *, #509, .F. ) ;
#2375 = DIRECTION ( 'NONE',  ( -0.000000000000000000, -0.000000000000000000, 1.000000000000000000 ) ) ;
#2376 = ORIENTED_EDGE ( 'NONE', *, *, #1844, .F. ) ;
#2377 = LINE ( 'NONE', #643, #1704 ) ;
#2378 = EDGE_CURVE ( 'NONE', #886, #1393, #2740, .T. ) ;
#2379 =( BOUNDED_CURVE ( )  B_SPLINE_CURVE ( 3, ( #820, #347, #1442, #152 ),
 .UNSPECIFIED., .F., .T. ) 
 B_SPLINE_CURVE_WITH_KNOTS ( ( 4, 4 ),
 ( 1.490710746761238825, 1.570796326794897668 ),
 .UNSPECIFIED. ) 
 CURVE ( )  GEOMETRIC_REPRESENTATION_ITEM ( )  RATIONAL_B_SPLINE_CURVE ( ( 1.000000000000000000, 0.9994655964012900684, 0.9994655964012900684, 1.000000000000000000 ) ) 
 REPRESENTATION_ITEM ( '' )  );
#2380 = CARTESIAN_POINT ( 'NONE',  ( 4.619996984135783968, 3.828266953410676354, -0.07874015748031615303 ) ) ;
#2381 = DIRECTION ( 'NONE',  ( -0.000000000000000000, -0.000000000000000000, 1.000000000000000000 ) ) ;
#2382 = VERTEX_POINT ( 'NONE', #1513 ) ;
#2383 = CARTESIAN_POINT ( 'NONE',  ( -5.186295361959200712, -3.062500000000024869, 0.1250000000000000000 ) ) ;
#2384 = CARTESIAN_POINT ( 'NONE',  ( -5.304405598179672943, -3.062500000000024869, 0.006889763779527552021 ) ) ;
#2385 = ADVANCED_FACE ( 'NONE', ( #14, #2735 ), #2357, .T. ) ;
#2386 = ORIENTED_EDGE ( 'NONE', *, *, #1573, .T. ) ;
#2387 = CARTESIAN_POINT ( 'NONE',  ( -0.1181102362204724254, 6.125000000000000000, 0.006889763779527552021 ) ) ;
#2388 = EDGE_LOOP ( 'NONE', ( #188, #1348 ) ) ;
#2389 = AXIS2_PLACEMENT_3D ( 'NONE', #2625, #1770, #951 ) ;
#2390 = VECTOR ( 'NONE', #2371, 39.37007874015748143 ) ;
#2391 = DIRECTION ( 'NONE',  ( 0.000000000000000000, 0.000000000000000000, -1.000000000000000000 ) ) ;
#2392 = ORIENTED_EDGE ( 'NONE', *, *, #656, .F. ) ;
#2393 = AXIS2_PLACEMENT_3D ( 'NONE', #961, #541, #783 ) ;
#2394 = EDGE_CURVE ( 'NONE', #2306, #1415, #648, .T. ) ;
#2395 = PLANE ( 'NONE',  #513 ) ;
#2396 = CARTESIAN_POINT ( 'NONE',  ( 5.683244789058318425, 2.600620823503780432, -1.062500000000000000 ) ) ;
#2397 = VECTOR ( 'NONE', #2629, 39.37007874015748854 ) ;
#2398 = AXIS2_PLACEMENT_3D ( 'NONE', #989, #1446, #2292 ) ;
#2399 = ORIENTED_EDGE ( 'NONE', *, *, #151, .F. ) ;
#2400 = EDGE_CURVE ( 'NONE', #1033, #2463, #1697, .T. ) ;
#2401 = DIRECTION ( 'NONE',  ( 0.7660444431189817882, -0.6427876096865347000, 0.000000000000000000 ) ) ;
#2402 = VERTEX_POINT ( 'NONE', #1467 ) ;
#2403 = AXIS2_PLACEMENT_3D ( 'NONE', #1979, #2391, #1580 ) ;
#2404 = CIRCLE ( 'NONE', #1379, 6.250000000000000000 ) ;
#2405 = DIRECTION ( 'NONE',  ( 1.000000000000000000, 3.384826294588890461E-16, 0.000000000000000000 ) ) ;
#2406 = CARTESIAN_POINT ( 'NONE',  ( 5.186295361959178507, 3.062500000000061728, 0.1250000000000000000 ) ) ;
#2407 = ORIENTED_EDGE ( 'NONE', *, *, #2138, .T. ) ;
#2408 = CARTESIAN_POINT ( 'NONE',  ( 5.237476464321383141, 3.062500000000061728, 0.006889763779527552021 ) ) ;
#2409 = EDGE_CURVE ( 'NONE', #2234, #296, #1304, .T. ) ;
#2410 = ORIENTED_EDGE ( 'NONE', *, *, #2378, .F. ) ;
#2411 = DIRECTION ( 'NONE',  ( -0.9396926207859079838, 0.3420201433256699897, 0.000000000000000000 ) ) ;
#2412 = ORIENTED_EDGE ( 'NONE', *, *, #2050, .F. ) ;
#2413 = EDGE_CURVE ( 'NONE', #1352, #2234, #2618, .T. ) ;
#2414 = EDGE_CURVE ( 'NONE', #2029, #256, #1338, .T. ) ;
#2415 = CARTESIAN_POINT ( 'NONE',  ( -1.712598425196850238, -2.077755905511810219, 0.1250000000000000000 ) ) ;
#2416 = CARTESIAN_POINT ( 'NONE',  ( -0.1250000000000000000, 5.998697775350914085, -1.059732772620690433 ) ) ;
#2417 = ORIENTED_EDGE ( 'NONE', *, *, #71, .F. ) ;
#2418 = ORIENTED_EDGE ( 'NONE', *, *, #1977, .T. ) ;
#2419 = DIRECTION ( 'NONE',  ( -0.8910724729979845327, -0.1571201187561565016, -0.4257970363298778649 ) ) ;
#2420 = CARTESIAN_POINT ( 'NONE',  ( 0.000000000000000000, 0.000000000000000000, 0.1250000000000000000 ) ) ;
#2421 = VERTEX_POINT ( 'NONE', #1903 ) ;
#2422 = CARTESIAN_POINT ( 'NONE',  ( -1.614173228346456712, -4.046259842519684291, 0.1250000000000000000 ) ) ;
#2423 = EDGE_LOOP ( 'NONE', ( #459, #137, #88, #1975, #939 ) ) ;
#2424 = EDGE_CURVE ( 'NONE', #549, #166, #620, .T. ) ;
#2425 = ADVANCED_FACE ( 'NONE', ( #1086 ), #403, .F. ) ;
#2426 = CARTESIAN_POINT ( 'NONE',  ( -5.304405598179672943, -3.062500000000024869, 0.006889763779527552021 ) ) ;
#2427 = ORIENTED_EDGE ( 'NONE', *, *, #1749, .T. ) ;
#2428 = CIRCLE ( 'NONE', #919, 6.000000000000000888 ) ;
#2429 = DIRECTION ( 'NONE',  ( 0.000000000000000000, 0.000000000000000000, 1.000000000000000000 ) ) ;
#2430 = LINE ( 'NONE', #1124, #1326 ) ;
#2431 = AXIS2_PLACEMENT_3D ( 'NONE', #2274, #2118, #1473 ) ;
#2432 = ORIENTED_EDGE ( 'NONE', *, *, #20, .F. ) ;
#2433 = CARTESIAN_POINT ( 'NONE',  ( 5.873078879911897587, 2.137625895785512764, 0.000000000000000000 ) ) ;
#2434 = EDGE_LOOP ( 'NONE', ( #1902, #1745, #366, #2024, #716, #37 ) ) ;
#2435 = CIRCLE ( 'NONE', #2398, 0.1499999999999998557 ) ;
#2436 = DIRECTION ( 'NONE',  ( 1.000000000000000000, 0.000000000000000000, 0.000000000000000000 ) ) ;
#2437 = CIRCLE ( 'NONE', #2360, 5.921259842519686956 ) ;
#2438 = ORIENTED_EDGE ( 'NONE', *, *, #2662, .F. ) ;
#2440 = EDGE_CURVE ( 'NONE', #2561, #1829, #708, .T. ) ;
#2439 = CARTESIAN_POINT ( 'NONE',  ( -0.1181102362204724532, -6.125000000000000000, 0.1250000000000000000 ) ) ;
#2441 = FACE_OUTER_BOUND ( 'NONE', #1722, .T. ) ;
#2442 = PLANE ( 'NONE',  #163 ) ;
#2443 = FACE_OUTER_BOUND ( 'NONE', #1784, .T. ) ;
#2444 = CARTESIAN_POINT ( 'NONE',  ( 4.812543784640599398, 3.586545292770958238, -0.7352296516784555536 ) ) ;
#2445 = VERTEX_POINT ( 'NONE', #1288 ) ;
#2446 = CARTESIAN_POINT ( 'NONE',  ( 0.7555644574896536181, 6.206405922608702497, -0.7089963532076479780 ) ) ;
#2447 = EDGE_LOOP ( 'NONE', ( #147, #975, #2043, #1651, #2412, #1299, #996, #2438 ) ) ;
#2448 = VERTEX_POINT ( 'NONE', #874 ) ;
#2449 = DIRECTION ( 'NONE',  ( -0.000000000000000000, -0.000000000000000000, 1.000000000000000000 ) ) ;
#2450 = CARTESIAN_POINT ( 'NONE',  ( -1.614173228346456712, -4.144685039370077817, 0.07500000000000014988 ) ) ;
#2451 = DIRECTION ( 'NONE',  ( -0.000000000000000000, -0.000000000000000000, 1.000000000000000000 ) ) ;
#2452 = EDGE_CURVE ( 'NONE', #1014, #447, #2749, .T. ) ;
#2453 = LINE ( 'NONE', #545, #2150 ) ;
#2454 = CARTESIAN_POINT ( 'NONE',  ( 0.000000000000000000, 5.324999999999999289, 0.1250000000000000000 ) ) ;
#2455 = VERTEX_POINT ( 'NONE', #448 ) ;
#2456 = CARTESIAN_POINT ( 'NONE',  ( -5.093826093294181234, -3.621523951498230254, -1.062500000000000000 ) ) ;
#2457 = EDGE_CURVE ( 'NONE', #549, #1418, #2316, .T. ) ;
#2458 = ORIENTED_EDGE ( 'NONE', *, *, #194, .F. ) ;
#2459 = CARTESIAN_POINT ( 'NONE',  ( -1.005377942054144880, 5.915168230374432845, -0.07874015748031609752 ) ) ;
#2460 = DIRECTION ( 'NONE',  ( -0.000000000000000000, -0.000000000000000000, 1.000000000000000000 ) ) ;
#2461 = FACE_OUTER_BOUND ( 'NONE', #97, .T. ) ;
#2462 = ORIENTED_EDGE ( 'NONE', *, *, #895, .T. ) ;
#2463 = VERTEX_POINT ( 'NONE', #1313 ) ;
#2464 = AXIS2_PLACEMENT_3D ( 'NONE', #960, #2642, #1589 ) ;
#2465 = DIRECTION ( 'NONE',  ( -0.000000000000000000, -0.000000000000000000, 1.000000000000000000 ) ) ;
#2466 = CARTESIAN_POINT ( 'NONE',  ( 0.1250000000000000000, 5.998697775350914085, -1.059732772620690433 ) ) ;
#2467 = DIRECTION ( 'NONE',  ( -0.5816062507874598664, 0.6931313388511930462, -0.4257970363298775318 ) ) ;
#2468 = DIRECTION ( 'NONE',  ( 0.9396926207859056523, 0.3420201433256764845, 0.000000000000000000 ) ) ;
#2469 = CIRCLE ( 'NONE', #2257, 6.000000000000000000 ) ;
#2470 = ADVANCED_FACE ( 'NONE', ( #2143 ), #2167, .F. ) ;
#2471 = ORIENTED_EDGE ( 'NONE', *, *, #1694, .T. ) ;
#2472 = LINE ( 'NONE', #1501, #257 ) ;
#2473 = DIRECTION ( 'NONE',  ( -1.000000000000000000, 0.000000000000000000, -0.000000000000000000 ) ) ;
#2474 = AXIS2_PLACEMENT_3D ( 'NONE', #525, #1781, #1387 ) ;
#2475 = AXIS2_PLACEMENT_3D ( 'NONE', #1210, #2072, #789 ) ;
#2476 = EDGE_CURVE ( 'NONE', #872, #430, #115, .T. ) ;
#2477 = ORIENTED_EDGE ( 'NONE', *, *, #2068, .F. ) ;
#2478 = DIRECTION ( 'NONE',  ( -0.000000000000000000, -0.000000000000000000, 1.000000000000000000 ) ) ;
#2479 = CARTESIAN_POINT ( 'NONE',  ( 0.000000000000000000, 6.125000000000000000, 0.1250000000000000000 ) ) ;
#2480 = FACE_BOUND ( 'NONE', #884, .T. ) ;
#2481 = VECTOR ( 'NONE', #1586, 39.37007874015748143 ) ;
#2482 = AXIS2_PLACEMENT_3D ( 'NONE', #2099, #1389, #107 ) ;
#2483 = EDGE_LOOP ( 'NONE', ( #476, #1318, #2427, #2201, #2499 ) ) ;
#2484 = ORIENTED_EDGE ( 'NONE', *, *, #2198, .F. ) ;
#2485 = CARTESIAN_POINT ( 'NONE',  ( -0.5458612165466543154, -5.975118035007360717, -1.062500000000000000 ) ) ;
#2486 = CARTESIAN_POINT ( 'NONE',  ( -5.304405598179693371, 3.062499999999988010, -1.062500000000000000 ) ) ;
#2487 = CARTESIAN_POINT ( 'NONE',  ( 0.3213938048432696815, -0.3830222215594828450, -1.062500000000000000 ) ) ;
#2488 = CARTESIAN_POINT ( 'NONE',  ( -1.712598425196850682, -4.046259842519684291, 0.07500000000000014988 ) ) ;
#2489 = ORIENTED_EDGE ( 'NONE', *, *, #1494, .T. ) ;
#2490 = CARTESIAN_POINT ( 'NONE',  ( -4.787777769493632540, 4.017422560540849119, 0.000000000000000000 ) ) ;
#2491 = FACE_OUTER_BOUND ( 'NONE', #1774, .T. ) ;
#2492 = ORIENTED_EDGE ( 'NONE', *, *, #2542, .T. ) ;
#2493 = DIRECTION ( 'NONE',  ( -0.000000000000000000, -0.000000000000000000, 1.000000000000000000 ) ) ;
#2494 = CARTESIAN_POINT ( 'NONE',  ( 0.000000000000000000, 0.000000000000000000, 0.000000000000000000 ) ) ;
#2495 = DIRECTION ( 'NONE',  ( 0.000000000000000000, 0.000000000000000000, 1.000000000000000000 ) ) ;
#2496 = DIRECTION ( 'NONE',  ( -0.000000000000000000, -0.000000000000000000, -1.000000000000000000 ) ) ;
#2497 = EDGE_CURVE ( 'NONE', #1319, #100, #1301, .T. ) ;
#2498 = ORIENTED_EDGE ( 'NONE', *, *, #42, .F. ) ;
#2499 = ORIENTED_EDGE ( 'NONE', *, *, #332, .F. ) ;
#2500 = FACE_OUTER_BOUND ( 'NONE', #261, .T. ) ;
#2501 = FACE_OUTER_BOUND ( 'NONE', #1132, .T. ) ;
#2502 = CARTESIAN_POINT ( 'NONE',  ( 0.1250000000000000000, 5.998697775350914085, -0.07874015748031612527 ) ) ;
#2503 = ORIENTED_EDGE ( 'NONE', *, *, #2107, .T. ) ;
#2504 = DIRECTION ( 'NONE',  ( 1.000000000000000000, -0.000000000000000000, 0.000000000000000000 ) ) ;
#2505 = DIRECTION ( 'NONE',  ( -0.000000000000000000, -0.000000000000000000, 1.000000000000000000 ) ) ;
#2506 = EDGE_CURVE ( 'NONE', #2463, #1546, #76, .T. ) ;
#2507 = CARTESIAN_POINT ( 'NONE',  ( 0.000000000000000000, 0.000000000000000000, -0.07874015748031830408 ) ) ;
#2508 = EDGE_CURVE ( 'NONE', #2421, #1014, #1564, .T. ) ;
#2509 = CYLINDRICAL_SURFACE ( 'NONE', #1997, 0.09842519685039378963 ) ;
#2510 = EDGE_LOOP ( 'NONE', ( #340, #310, #1944, #1597, #973 ) ) ;
#2511 = EDGE_CURVE ( 'NONE', #784, #747, #2265, .T. ) ;
#2512 = CARTESIAN_POINT ( 'NONE',  ( -1.020614897685292233, 5.859277067064610378, -0.02622955725494540216 ) ) ;
#2513 = CARTESIAN_POINT ( 'NONE',  ( 0.1181102362204724254, 6.125000000000000000, 0.006889763779527552021 ) ) ;
#2514 = DIRECTION ( 'NONE',  ( -0.000000000000000000, -0.000000000000000000, 1.000000000000000000 ) ) ;
#2515 = ORIENTED_EDGE ( 'NONE', *, *, #2413, .T. ) ;
#2516 = VECTOR ( 'NONE', #125, 39.37007874015748854 ) ;
#2517 = CARTESIAN_POINT ( 'NONE',  ( 5.625374926189947722, 2.086901276963872842, -0.07874015748031830408 ) ) ;
#2518 = CIRCLE ( 'NONE', #2037, 6.250000000000000000 ) ;
#2519 = VERTEX_POINT ( 'NONE', #1159 ) ;
#2520 = CIRCLE ( 'NONE', #1865, 6.250000000000000000 ) ;
#2521 = DIRECTION ( 'NONE',  ( 1.000000000000000000, 0.000000000000000000, 0.000000000000000000 ) ) ;
#2522 = VECTOR ( 'NONE', #1392, 39.37007874015748143 ) ;
#2523 = LINE ( 'NONE', #1838, #106 ) ;
#2524 = CIRCLE ( 'NONE', #1743, 0.1181102362204725503 ) ;
#2525 = LINE ( 'NONE', #861, #1105 ) ;
#2526 = ADVANCED_FACE ( 'NONE', ( #1662 ), #2077, .F. ) ;
#2527 = DIRECTION ( 'NONE',  ( -0.000000000000000000, -0.000000000000000000, -1.000000000000000000 ) ) ;
#2528 = CIRCLE ( 'NONE', #798, 6.000000000000000888 ) ;
#2529 = CARTESIAN_POINT ( 'NONE',  ( -4.591991486687951429, -3.820901564638480963, -0.05247649278300855341 ) ) ;
#2530 = ORIENTED_EDGE ( 'NONE', *, *, #2254, .T. ) ;
#2531 = CIRCLE ( 'NONE', #890, 0.06692913385826741723 ) ;
#2532 = CARTESIAN_POINT ( 'NONE',  ( -1.013002076992626455, -5.887232063752882105, -0.05247649278300955955 ) ) ;
#2533 = LINE ( 'NONE', #1532, #2218 ) ;
#2534 = CARTESIAN_POINT ( 'NONE',  ( 5.304405598179650738, 3.062500000000061728, 0.006889763779527552021 ) ) ;
#2535 = CARTESIAN_POINT ( 'NONE',  ( 0.000000000000000000, 5.075000000000000178, -1.062500000000000000 ) ) ;
#2536 = EDGE_CURVE ( 'NONE', #120, #256, #2044, .T. ) ;
#2537 = ORIENTED_EDGE ( 'NONE', *, *, #2440, .T. ) ;
#2538 = DIRECTION ( 'NONE',  ( -0.000000000000000000, -0.000000000000000000, 1.000000000000000000 ) ) ;
#2539 = CARTESIAN_POINT ( 'NONE',  ( -5.638155724715450567, 2.052120859954013277, 0.000000000000000000 ) ) ;
#2540 = ORIENTED_EDGE ( 'NONE', *, *, #1763, .T. ) ;
#2541 = DIRECTION ( 'NONE',  ( 0.000000000000000000, -1.000000000000000000, 0.000000000000000000 ) ) ;
#2542 = EDGE_CURVE ( 'NONE', #447, #652, #1523, .T. ) ;
#2543 = CYLINDRICAL_SURFACE ( 'NONE', #1868, 0.06692913385826759765 ) ;
#2544 = CARTESIAN_POINT ( 'NONE',  ( -0.1499999999999998557, 5.075000000000000178, 0.000000000000000000 ) ) ;
#2545 = DIRECTION ( 'NONE',  ( 0.000000000000000000, 0.000000000000000000, -1.000000000000000000 ) ) ;
#2546 = ORIENTED_EDGE ( 'NONE', *, *, #461, .T. ) ;
#2547 =( NAMED_UNIT ( * ) PLANE_ANGLE_UNIT ( ) SI_UNIT ( $, .RADIAN. ) );
#2548 = EDGE_CURVE ( 'NONE', #11, #748, #2101, .T. ) ;
#2549 = CYLINDRICAL_SURFACE ( 'NONE', #1015, 0.06692913385826690376 ) ;
#2550 = ORIENTED_EDGE ( 'NONE', *, *, #2424, .T. ) ;
#2551 = CARTESIAN_POINT ( 'NONE',  ( -5.625374926189964597, -2.086901276963833318, -0.07874015748031631956 ) ) ;
#2552 =( BOUNDED_CURVE ( )  B_SPLINE_CURVE ( 3, ( #1380, #1364, #1583, #46 ),
 .UNSPECIFIED., .F., .T. ) 
 B_SPLINE_CURVE_WITH_KNOTS ( ( 4, 4 ),
 ( 4.628958893774075989, 4.706213242502020222 ),
 .UNSPECIFIED. ) 
 CURVE ( )  GEOMETRIC_REPRESENTATION_ITEM ( )  RATIONAL_B_SPLINE_CURVE ( ( 1.000000000000000000, 0.9995027089704446865, 0.9995027089704446865, 1.000000000000000000 ) ) 
 REPRESENTATION_ITEM ( '' )  );
#2553 = ORIENTED_EDGE ( 'NONE', *, *, #435, .F. ) ;
#2554 = DIRECTION ( 'NONE',  ( 8.462065736472232314E-17, 1.000000000000000000, 0.000000000000000000 ) ) ;
#2555 = CARTESIAN_POINT ( 'NONE',  ( -4.535948198625753491, -3.806112460506134720, 0.000000000000000000 ) ) ;
#2556 = EDGE_CURVE ( 'NONE', #417, #1606, #481, .T. ) ;
#2557 = DIRECTION ( 'NONE',  ( 1.000000000000000000, 0.000000000000000000, 0.000000000000000000 ) ) ;
#2558 = DIRECTION ( 'NONE',  ( 1.000000000000000000, 0.000000000000000000, 0.000000000000000000 ) ) ;
#2559 = CARTESIAN_POINT ( 'NONE',  ( 0.7555644574896553944, -6.206405922608702497, -0.7089963532076475339 ) ) ;
#2560 = ADVANCED_FACE ( 'NONE', ( #1199 ), #2061, .T. ) ;
#2561 = VERTEX_POINT ( 'NONE', #101 ) ;
#2562 = PLANE ( 'NONE',  #1197 ) ;
#2563 = DIRECTION ( 'NONE',  ( 0.4999999999999918954, 0.8660254037844431485, 0.000000000000000000 ) ) ;
#2564 = ORIENTED_EDGE ( 'NONE', *, *, #590, .F. ) ;
#2565 = VECTOR ( 'NONE', #169, 39.37007874015748143 ) ;
#2566 = PLANE ( 'NONE',  #2611 ) ;
#2567 = CIRCLE ( 'NONE', #1371, 0.06692913385826779193 ) ;
#2568 = VERTEX_POINT ( 'NONE', #2640 ) ;
#2569 = AXIS2_PLACEMENT_3D ( 'NONE', #1353, #2648, #950 ) ;
#2570 = DIRECTION ( 'NONE',  ( -0.000000000000000000, -0.000000000000000000, 1.000000000000000000 ) ) ;
#2571 = CARTESIAN_POINT ( 'NONE',  ( 5.304405598179714687, -3.062499999999950706, 0.1250000000000000000 ) ) ;
#2572 = CIRCLE ( 'NONE', #887, 0.1181102362204725503 ) ;
#2573 = FACE_BOUND ( 'NONE', #1616, .T. ) ;
#2574 = VECTOR ( 'NONE', #217, 39.37007874015748143 ) ;
#2575 = CARTESIAN_POINT ( 'NONE',  ( -1.020614897685295563, -5.859277067064609490, -0.02622955725494644300 ) ) ;
#2576 = FACE_OUTER_BOUND ( 'NONE', #1682, .T. ) ;
#2577 = AXIS2_PLACEMENT_3D ( 'NONE', #958, #2493, #1630 ) ;
#2578 = ORIENTED_EDGE ( 'NONE', *, *, #301, .T. ) ;
#2579 = CYLINDRICAL_SURFACE ( 'NONE', #294, 0.09842519685039378963 ) ;
#2580 = ORIENTED_EDGE ( 'NONE', *, *, #273, .T. ) ;
#2581 = ADVANCED_FACE ( 'NONE', ( #2701 ), #1412, .F. ) ;
#2582 = EDGE_CURVE ( 'NONE', #1438, #2293, #1340, .T. ) ;
#2583 = ORIENTED_EDGE ( 'NONE', *, *, #864, .F. ) ;
#2584 = EDGE_CURVE ( 'NONE', #642, #277, #2243, .T. ) ;
#2585 = CARTESIAN_POINT ( 'NONE',  ( 0.4924038765061000134, -0.08682408883346263984, -1.062500000000000000 ) ) ;
#2586 = PRODUCT_DEFINITION_SHAPE ( 'NONE', 'NONE',  #1298 ) ;
#2587 = DIRECTION ( 'NONE',  ( -1.000000000000000000, 8.462065736472231082E-17, 0.000000000000000000 ) ) ;
#2588 = CYLINDRICAL_SURFACE ( 'NONE', #963, 0.06692913385826800010 ) ;
#2589 = DIRECTION ( 'NONE',  ( 1.000000000000000000, 0.000000000000000000, 0.000000000000000000 ) ) ;
#2590 = EDGE_LOOP ( 'NONE', ( #893, #21 ) ) ;
#2591 = CARTESIAN_POINT ( 'NONE',  ( 0.5894186957641506242, -6.222144775001921424, -1.062500000000000000 ) ) ;
#2592 = ORIENTED_EDGE ( 'NONE', *, *, #318, .F. ) ;
#2593 = EDGE_CURVE ( 'NONE', #1084, #1492, #523, .T. ) ;
#2594 = EDGE_CURVE ( 'NONE', #2306, #547, #178, .T. ) ;
#2595 = CYLINDRICAL_SURFACE ( 'NONE', #1186, 6.000000000000000888 ) ;
#2596 = ORIENTED_EDGE ( 'NONE', *, *, #1755, .T. ) ;
#2597 = EDGE_CURVE ( 'NONE', #1279, #1395, #764, .T. ) ;
#2598 = CARTESIAN_POINT ( 'NONE',  ( 0.06250000000000000000, 5.211358901432945778, -1.062500000000000000 ) ) ;
#2599 = CARTESIAN_POINT ( 'NONE',  ( 1.614173228346456490, -1.979330708661416915, 0.07500000000000014988 ) ) ;
#2600 = ORIENTED_EDGE ( 'NONE', *, *, #1561, .F. ) ;
#2601 = DIRECTION ( 'NONE',  ( -0.000000000000000000, -0.000000000000000000, 1.000000000000000000 ) ) ;
#2602 = ORIENTED_EDGE ( 'NONE', *, *, #2142, .F. ) ;
#2603 = CIRCLE ( 'NONE', #1510, 0.06692913385826690376 ) ;
#2604 = AXIS2_PLACEMENT_3D ( 'NONE', #1137, #1381, #531 ) ;
#2605 = CARTESIAN_POINT ( 'NONE',  ( 5.237476464321384029, 3.062500000000061728, 0.1250000000000000000 ) ) ;
#2606 = CIRCLE ( 'NONE', #1644, 0.09842519685039378963 ) ;
#2607 = ORIENTED_EDGE ( 'NONE', *, *, #2296, .T. ) ;
#2608 = AXIS2_PLACEMENT_3D ( 'NONE', #759, #1772, #700 ) ;
#2609 = CARTESIAN_POINT ( 'NONE',  ( 0.4924038765060989031, 0.08682408883346245942, -1.062500000000000000 ) ) ;
#2610 = CARTESIAN_POINT ( 'NONE',  ( 0.000000000000000000, 5.075000000000000178, 0.000000000000000000 ) ) ;
#2611 = AXIS2_PLACEMENT_3D ( 'NONE', #1524, #860, #658 ) ;
#2612 = DIRECTION ( 'NONE',  ( -0.000000000000000000, -0.000000000000000000, 1.000000000000000000 ) ) ;
#2613 = CIRCLE ( 'NONE', #2655, 0.06692913385826690376 ) ;
#2614 = ORIENTED_EDGE ( 'NONE', *, *, #1391, .F. ) ;
#2615 = CARTESIAN_POINT ( 'NONE',  ( -4.787777769493604119, -4.017422560540881094, 0.000000000000000000 ) ) ;
#2616 = ORIENTED_EDGE ( 'NONE', *, *, #2639, .T. ) ;
#2617 = ADVANCED_FACE ( 'NONE', ( #778 ), #1431, .T. ) ;
#2618 = CIRCLE ( 'NONE', #337, 0.1181102362204725503 ) ;
#2619 = DIRECTION ( 'NONE',  ( 1.000000000000000000, 0.000000000000000000, 0.000000000000000000 ) ) ;
#2620 = DIRECTION ( 'NONE',  ( -1.000000000000000000, 0.000000000000000000, -0.000000000000000000 ) ) ;
#2621 = CARTESIAN_POINT ( 'NONE',  ( -4.619996984135810614, -3.828266953410647488, -0.07874015748031422401 ) ) ;
#2622 = ORIENTED_EDGE ( 'NONE', *, *, #228, .F. ) ;
#2623 = EDGE_LOOP ( 'NONE', ( #444, #298, #1213, #1092, #1792 ) ) ;
#2624 = FACE_OUTER_BOUND ( 'NONE', #2211, .T. ) ;
#2625 = CARTESIAN_POINT ( 'NONE',  ( 5.304405598179650738, 3.062500000000061728, 0.1250000000000000000 ) ) ;
#2626 = ORIENTED_EDGE ( 'NONE', *, *, #2542, .F. ) ;
#2627 = ORIENTED_EDGE ( 'NONE', *, *, #636, .T. ) ;
#2628 = ADVANCED_FACE ( 'NONE', ( #1214, #1493 ), #2742, .T. ) ;
#2629 = DIRECTION ( 'NONE',  ( -0.000000000000000000, 0.4257970363298793637, -0.9048187022009942515 ) ) ;
#2630 = LINE ( 'NONE', #1765, #1641 ) ;
#2631 = FACE_OUTER_BOUND ( 'NONE', #599, .T. ) ;
#2632 = ORIENTED_EDGE ( 'NONE', *, *, #899, .T. ) ;
#2633 = CARTESIAN_POINT ( 'NONE',  ( 0.5458612165466554256, -5.975118035007360717, -1.062500000000000000 ) ) ;
#2634 = DIRECTION ( 'NONE',  ( 1.000000000000000000, 0.000000000000000000, 0.000000000000000000 ) ) ;
#2635 = CARTESIAN_POINT ( 'NONE',  ( -5.815999288294837477, -2.294450784865078141, -0.3546403174002193959 ) ) ;
#2636 = VERTEX_POINT ( 'NONE', #2336 ) ;
#2637 = CARTESIAN_POINT ( 'NONE',  ( -4.917660463557155026, 3.473703436559722579, -1.062500000000000000 ) ) ;
#2638 = ORIENTED_EDGE ( 'NONE', *, *, #2593, .F. ) ;
#2639 = EDGE_CURVE ( 'NONE', #1177, #2249, #1731, .T. ) ;
#2640 = CARTESIAN_POINT ( 'NONE',  ( -5.447534617200262552, 2.514829337033587908, -1.062500000000000000 ) ) ;
#2641 = VECTOR ( 'NONE', #2725, 39.37007874015748143 ) ;
#2642 = DIRECTION ( 'NONE',  ( -0.000000000000000000, 0.9048187022009942515, 0.4257970363298793637 ) ) ;
#2643 = CIRCLE ( 'NONE', #246, 0.06692913385826690376 ) ;
#2644 = FACE_OUTER_BOUND ( 'NONE', #573, .T. ) ;
#2645 = ORIENTED_EDGE ( 'NONE', *, *, #2160, .T. ) ;
#2646 = VERTEX_POINT ( 'NONE', #9 ) ;
#2647 = AXIS2_PLACEMENT_3D ( 'NONE', #2177, #1810, #1148 ) ;
#2648 = DIRECTION ( 'NONE',  ( 0.5816062507874548704, -0.6931313388511969320, -0.4257970363298778649 ) ) ;
#2649 = CYLINDRICAL_SURFACE ( 'NONE', #1914, 0.1499999999999998557 ) ;
#2650 = CIRCLE ( 'NONE', #2697, 6.250000000000000000 ) ;
#2651 = CARTESIAN_POINT ( 'NONE',  ( -1.614173228346456712, -4.144685039370077817, 0.1250000000000000000 ) ) ;
#2652 = ORIENTED_EDGE ( 'NONE', *, *, #234, .F. ) ;
#2653 = CARTESIAN_POINT ( 'NONE',  ( 0.000000000000000000, 0.000000000000000000, 0.1250000000000000000 ) ) ;
#2654 = VERTEX_POINT ( 'NONE', #2323 ) ;
#2655 = AXIS2_PLACEMENT_3D ( 'NONE', #429, #2375, #457 ) ;
#2656 = ORIENTED_EDGE ( 'NONE', *, *, #2658, .F. ) ;
#2657 = CARTESIAN_POINT ( 'NONE',  ( 1.028215981145904179, -5.831302600513233791, 0.000000000000000000 ) ) ;
#2658 = EDGE_CURVE ( 'NONE', #2220, #2745, #2404, .T. ) ;
#2659 = DIRECTION ( 'NONE',  ( -0.000000000000000000, -0.000000000000000000, 1.000000000000000000 ) ) ;
#2660 = AXIS2_PLACEMENT_3D ( 'NONE', #1170, #1836, #2436 ) ;
#2661 = DIRECTION ( 'NONE',  ( -0.7660444431189773473, -0.6427876096865402511, 0.000000000000000000 ) ) ;
#2662 = EDGE_CURVE ( 'NONE', #1014, #351, #1445, .T. ) ;
#2663 = CARTESIAN_POINT ( 'NONE',  ( 0.000000000000000000, 6.125000000000000000, 0.1250000000000000000 ) ) ;
#2664 = ORIENTED_EDGE ( 'NONE', *, *, #370, .T. ) ;
#2665 = ADVANCED_FACE ( 'NONE', ( #1942 ), #1933, .F. ) ;
#2666 = DIRECTION ( 'NONE',  ( 0.000000000000000000, 0.000000000000000000, -1.000000000000000000 ) ) ;
#2667 = ORIENTED_EDGE ( 'NONE', *, *, #945, .T. ) ;
#2668 = CARTESIAN_POINT ( 'NONE',  ( 0.000000000000000000, 0.000000000000000000, -1.062500000000000000 ) ) ;
#2669 = ORIENTED_EDGE ( 'NONE', *, *, #2597, .T. ) ;
#2670 = CARTESIAN_POINT ( 'NONE',  ( -1.141909324569360807E-15, -1.863426657846645400E-15, 5.921259842519765115 ) ) ;
#2671 = CARTESIAN_POINT ( 'NONE',  ( 0.06250000000000000000, 5.211358901432945778, 0.1250000000000000000 ) ) ;
#2672 = ORIENTED_EDGE ( 'NONE', *, *, #660, .T. ) ;
#2673 = DIRECTION ( 'NONE',  ( -0.000000000000000000, -0.000000000000000000, 1.000000000000000000 ) ) ;
#2674 = DIRECTION ( 'NONE',  ( 1.000000000000000000, 0.000000000000000000, 0.000000000000000000 ) ) ;
#2675 = EDGE_CURVE ( 'NONE', #1418, #1874, #841, .T. ) ;
#2676 = ORIENTED_EDGE ( 'NONE', *, *, #703, .T. ) ;
#2677 = CARTESIAN_POINT ( 'NONE',  ( -1.085301110418299686, -6.155048456326302819, 0.000000000000000000 ) ) ;
#2678 = PRESENTATION_STYLE_ASSIGNMENT (( #1440 ) ) ;
#2679 = FACE_OUTER_BOUND ( 'NONE', #1150, .T. ) ;
#2680 = ADVANCED_FACE ( 'NONE', ( #2718 ), #2562, .T. ) ;
#2681 = VERTEX_POINT ( 'NONE', #811 ) ;
#2682 = LINE ( 'NONE', #2490, #240 ) ;
#2683 = ORIENTED_EDGE ( 'NONE', *, *, #237, .T. ) ;
#2684 = CARTESIAN_POINT ( 'NONE',  ( -5.186295361959200712, -3.062500000000024869, 0.1250000000000000000 ) ) ;
#2685 = CARTESIAN_POINT ( 'NONE',  ( 5.815999288294820602, 2.294450784865118997, -0.3546403174002211722 ) ) ;
#2686 = APPLICATION_CONTEXT ( 'automotive_design' ) ;
#2687 = FACE_OUTER_BOUND ( 'NONE', #756, .T. ) ;
#2688 = VECTOR ( 'NONE', #598, 39.37007874015748854 ) ;
#2689 = VERTEX_POINT ( 'NONE', #1675 ) ;
#2690 = ORIENTED_EDGE ( 'NONE', *, *, #314, .T. ) ;
#2691 = CARTESIAN_POINT ( 'NONE',  ( -5.873078879911926897, 2.137625895785431052, 0.000000000000000000 ) ) ;
#2692 = CYLINDRICAL_SURFACE ( 'NONE', #65, 0.1181102362204725503 ) ;
#2693 = AXIS2_PLACEMENT_3D ( 'NONE', #1581, #721, #1567 ) ;
#2694 = ORIENTED_EDGE ( 'NONE', *, *, #151, .T. ) ;
#2695 = ORIENTED_EDGE ( 'NONE', *, *, #945, .F. ) ;
#2696 = FACE_OUTER_BOUND ( 'NONE', #985, .T. ) ;
#2697 = AXIS2_PLACEMENT_3D ( 'NONE', #2334, #409, #1277 ) ;
#2698 = FACE_OUTER_BOUND ( 'NONE', #2315, .T. ) ;
#2699 = AXIS2_PLACEMENT_3D ( 'NONE', #164, #1692, #1026 ) ;
#2700 = ORIENTED_EDGE ( 'NONE', *, *, #370, .F. ) ;
#2701 = FACE_OUTER_BOUND ( 'NONE', #388, .T. ) ;
#2702 =( BOUNDED_CURVE ( )  B_SPLINE_CURVE ( 3, ( #1993, #68, #95, #516 ),
 .UNSPECIFIED., .F., .T. ) 
 B_SPLINE_CURVE_WITH_KNOTS ( ( 4, 4 ),
 ( 1.576972064677566232, 1.654226413405510687 ),
 .UNSPECIFIED. ) 
 CURVE ( )  GEOMETRIC_REPRESENTATION_ITEM ( )  RATIONAL_B_SPLINE_CURVE ( ( 1.000000000000000000, 0.9995027089704446865, 0.9995027089704446865, 1.000000000000000000 ) ) 
 REPRESENTATION_ITEM ( '' )  );
#2703 = EDGE_CURVE ( 'NONE', #1534, #1999, #2090, .T. ) ;
#2704 = CARTESIAN_POINT ( 'NONE',  ( -5.625374926189976144, 2.086901276963796459, -0.07874015748031922002 ) ) ;
#2705 = AXIS2_PLACEMENT_3D ( 'NONE', #77, #522, #1358 ) ;
#2706 = CARTESIAN_POINT ( 'NONE',  ( 5.237476464321384029, 3.062500000000061728, -1.062500000000000000 ) ) ;
#2707 = AXIS2_PLACEMENT_3D ( 'NONE', #539, #2030, #2236 ) ;
#2708 = FACE_BOUND ( 'NONE', #2058, .T. ) ;
#2709 = ORIENTED_EDGE ( 'NONE', *, *, #2198, .T. ) ;
#2710 = ORIENTED_EDGE ( 'NONE', *, *, #358, .F. ) ;
#2711 = CYLINDRICAL_SURFACE ( 'NONE', #2482, 0.1181102362204725503 ) ;
#2712 = CARTESIAN_POINT ( 'NONE',  ( 0.000000000000000000, 0.000000000000000000, -0.07874015748031394646 ) ) ;
#2713 = CARTESIAN_POINT ( 'NONE',  ( 5.371334732037981397, -3.062499999999950706, 0.1250000000000000000 ) ) ;
#2714 = EDGE_CURVE ( 'NONE', #1980, #795, #2753, .T. ) ;
#2715 = ORIENTED_EDGE ( 'NONE', *, *, #1735, .T. ) ;
#2716 = LINE ( 'NONE', #793, #1957 ) ;
#2717 = ORIENTED_EDGE ( 'NONE', *, *, #433, .F. ) ;
#2718 = FACE_OUTER_BOUND ( 'NONE', #1552, .T. ) ;
#2719 = EDGE_CURVE ( 'NONE', #1242, #2561, #189, .T. ) ;
#2720 = LINE ( 'NONE', #130, #1819 ) ;
#2721 = EDGE_LOOP ( 'NONE', ( #927, #1888 ) ) ;
#2722 = DIRECTION ( 'NONE',  ( -0.000000000000000000, -0.000000000000000000, 1.000000000000000000 ) ) ;
#2723 = PLANE ( 'NONE',  #1556 ) ;
#2724 = DIRECTION ( 'NONE',  ( -1.000000000000000000, 0.000000000000000000, 0.000000000000000000 ) ) ;
#2725 = DIRECTION ( 'NONE',  ( -0.000000000000000000, -0.000000000000000000, -1.000000000000000000 ) ) ;
#2726 = ORIENTED_EDGE ( 'NONE', *, *, #1543, .F. ) ;
#2727 = CARTESIAN_POINT ( 'NONE',  ( 0.000000000000000000, -6.125000000000000000, -1.062500000000000000 ) ) ;
#2728 = FACE_OUTER_BOUND ( 'NONE', #1355, .T. ) ;
#2729 = VERTEX_POINT ( 'NONE', #1896 ) ;
#2730 =( BOUNDED_CURVE ( )  B_SPLINE_CURVE ( 3, ( #1258, #2327, #1238, #416 ),
 .UNSPECIFIED., .F., .T. ) 
 B_SPLINE_CURVE_WITH_KNOTS ( ( 4, 4 ),
 ( 1.490710746761238825, 1.570796326794896780 ),
 .UNSPECIFIED. ) 
 CURVE ( )  GEOMETRIC_REPRESENTATION_ITEM ( )  RATIONAL_B_SPLINE_CURVE ( ( 1.000000000000000000, 0.9994655964012900684, 0.9994655964012900684, 1.000000000000000000 ) ) 
 REPRESENTATION_ITEM ( '' )  );
#2731 = EDGE_CURVE ( 'NONE', #1388, #2636, #2531, .T. ) ;
#2732 = DIRECTION ( 'NONE',  ( 1.000000000000000000, 0.000000000000000000, 0.000000000000000000 ) ) ;
#2733 = CARTESIAN_POINT ( 'NONE',  ( 0.1250000000000000000, 6.000000000000000888, -1.062500000000000000 ) ) ;
#2734 = ORIENTED_EDGE ( 'NONE', *, *, #1252, .F. ) ;
#2735 = FACE_BOUND ( 'NONE', #1254, .T. ) ;
#2736 = CARTESIAN_POINT ( 'NONE',  ( -4.718604930852075441, 3.709265739026914588, -0.4071465513891703303 ) ) ;
#2737 = EDGE_LOOP ( 'NONE', ( #2298, #774, #829, #2726 ) ) ;
#2738 = FACE_OUTER_BOUND ( 'NONE', #662, .T. ) ;
#2739 = CARTESIAN_POINT ( 'NONE',  ( -5.371334732037960080, 3.062499999999988010, -1.062500000000000000 ) ) ;
#2740 = B_SPLINE_CURVE_WITH_KNOTS ( 'NONE', 3,
 ( #1739, #1724, #1936, #389 ),
 .UNSPECIFIED., .F., .F.,
 ( 4, 4 ),
 ( 4.336808689942017736E-19, 0.002978958985904001967 ),
 .UNSPECIFIED. ) ;
#2741 = ORIENTED_EDGE ( 'NONE', *, *, #172, .F. ) ;
#2742 = PLANE ( 'NONE',  #216 ) ;
#2743 = AXIS2_PLACEMENT_3D ( 'NONE', #400, #1678, #602 ) ;
#2744 = PLANE ( 'NONE',  #333 ) ;
#2745 = VERTEX_POINT ( 'NONE', #2758 ) ;
#2746 = AXIS2_PLACEMENT_3D ( 'NONE', #407, #1275, #1981 ) ;
#2747 = AXIS2_PLACEMENT_3D ( 'NONE', #2078, #398, #1232 ) ;
#2748 = VERTEX_POINT ( 'NONE', #412 ) ;
#2749 = LINE ( 'NONE', #213, #1780 ) ;
#2750 = VECTOR ( 'NONE', #2054, 39.37007874015748143 ) ;
#2751 = CARTESIAN_POINT ( 'NONE',  ( 5.329001027213106312, -3.265616029474636139, 1.146989288759872050 ) ) ;
#2752 = EDGE_CURVE ( 'NONE', #1457, #1834, #1566, .T. ) ;
#2753 = CIRCLE ( 'NONE', #165, 0.1181102362204724254 ) ;
#2754 = CARTESIAN_POINT ( 'NONE',  ( 0.1250000000000000000, 5.998697775350914085, -0.07874015748031612527 ) ) ;
#2755 = CARTESIAN_POINT ( 'NONE',  ( -5.304405598179693371, 3.062499999999988010, 0.1250000000000000000 ) ) ;
#2756 = CARTESIAN_POINT ( 'NONE',  ( 5.564164179771650787, 2.025190140007188333, 0.000000000000000000 ) ) ;
#2757 = ORIENTED_EDGE ( 'NONE', *, *, #760, .T. ) ;
#2758 = CARTESIAN_POINT ( 'NONE',  ( 5.329001027213105424, -3.265616029474635695, 0.000000000000000000 ) ) ;
#2759 = CARTESIAN_POINT ( 'NONE',  ( -0.06250000000000000000, 5.211358901432945778, 0.1250000000000000000 ) ) ;
#2760 = ORIENTED_EDGE ( 'NONE', *, *, #1601, .F. ) ;
ENDSEC;
END-ISO-10303-21;
